,time,axial_force,vibration1,vibration2,vibration_x,vibration_y,force_z,tool_wear,ACTION_CODE,RUL
0,0,236.85,-1.127,-0.5693,-1.127,-0.5693,236.85,0.067334848,0,0.245413209
1,50,308.63,6.8597,7.6366,6.8597,7.6366,308.63,0.067861795,0,0.244886262
2,100,35.887,-2.502,-1.758,-2.502,-1.758,35.887,0.068390555,0,0.244357502
3,150,351.69,2.1358,2.8773,2.1358,2.8773,351.69,0.068921135,0,0.243826922
4,200,150.73,1.864,2.5232,1.864,2.5232,150.73,0.069453539,0,0.243294518
5,250,-93.306,-0.0315,0.5095,-0.0315,0.5095,-93.306,0.069987771,0,0.242760286
6,300,136.37,8.256,8.9968,8.256,8.9968,136.37,0.070523832,0,0.242224225
7,350,179.43,0.1086,0.6888,0.1086,0.6888,179.43,0.07106172,0,0.241686337
8,400,-64.597,-6.2031,-5.5412,-6.2031,-5.5412,-64.597,0.07160143,0,0.241146627
9,450,380.4,-1.064,-0.5076,-1.064,-0.5076,380.4,0.072142957,0,0.2406051
10,500,-78.951,4.7708,5.3761,4.7708,5.3761,-78.951,0.072686291,0,0.240061766
11,550,150.73,5.272,6.0187,5.272,6.0187,150.73,0.073231419,0,0.239516638
12,600,265.56,-2.9268,-2.362,-2.9268,-2.362,265.56,0.073778327,0,0.23896973
13,650,222.5,3.1414,3.7903,3.1414,3.7903,222.5,0.074326994,0,0.238421063
14,700,423.47,0.32,0.951,0.32,0.951,423.47,0.0748774,0,0.237870657
15,750,394.76,-2.7848,-2.2585,-2.7848,-2.2585,394.76,0.075429518,0,0.237318539
16,800,523.95,1.3712,1.961,1.3712,1.961,523.95,0.075983321,0,0.236764736
17,850,107.66,-7.314,-6.7614,-7.314,-6.7614,107.66,0.076538776,0,0.236209281
18,900,308.63,-6.4382,-5.7436,-6.4382,-5.7436,308.63,0.077095848,0,0.235652209
19,950,409.11,-1.1154,-0.5507,-1.1154,-0.5507,409.11,0.077654498,0,0.235093559
20,1000,251.21,4.4701,5.0979,4.4701,5.0979,251.21,0.078214686,0,0.234533371
21,1050,179.43,0.0765,0.6715,0.0765,0.6715,179.43,0.078776367,0,0.23397169
22,1100,-35.887,0.9349,1.5556,0.9349,1.5556,-35.887,0.079339492,0,0.233408565
23,1150,78.951,-0.1536,0.4652,-0.1536,0.4652,78.951,0.079904013,0,0.232844044
24,1200,193.79,-5.6691,-5.0124,-5.6691,-5.0124,193.79,0.080469876,0,0.232278181
25,1250,294.27,-3.169,-2.6241,-3.169,-2.6241,294.27,0.081037026,0,0.231711031
26,1300,107.66,1.3133,1.8987,1.3133,1.8987,107.66,0.081605406,0,0.231142651
27,1350,165.08,1.0229,1.6269,1.0229,1.6269,165.08,0.082174958,0,0.230573099
28,1400,179.43,2.5605,3.2686,2.5605,3.2686,179.43,0.08274562,0,0.230002437
29,1450,78.951,9.8681,10.635,9.8681,10.635,78.951,0.08331733,0,0.229430727
30,1500,222.5,-5.4455,-4.7188,-5.4455,-4.7188,222.5,0.083890025,0,0.228858032
31,1550,129.19,-6.9246,-6.4652,-6.9246,-6.4652,129.19,0.084456753,0,0.228291304
32,1600,100.48,5.5888,6.3129,5.5888,6.3129,100.48,0.085031218,0,0.227716839
33,1650,258.39,-3.3393,-2.8227,-3.3393,-2.8227,258.39,0.085606476,0,0.227141581
34,1700,-129.19,-5.0838,-4.6134,-5.0838,-4.6134,-129.19,0.086182463,0,0.226565594
35,1750,-57.419,-0.3836,0.2339,-0.3836,0.2339,-57.419,0.086759116,0,0.225988941
36,1800,43.064,-5.3472,-4.855,-5.3472,-4.855,43.064,0.087336373,0,0.225411684
37,1850,358.87,2.2579,2.8792,2.2579,2.8792,358.87,0.08791417,0,0.224833887
38,1900,315.81,4.1778,4.8518,4.1778,4.8518,315.81,0.088492448,0,0.224255609
39,1950,43.064,3.4401,4.2767,3.4401,4.2767,43.064,0.089071148,0,0.223676909
40,2000,344.52,-1.9398,-1.3924,-1.9398,-1.3924,344.52,0.089650211,0,0.223097846
41,2050,14.355,-3.2937,-2.6505,-3.2937,-2.6505,14.355,0.090229582,0,0.222518475
42,2100,401.93,-3.7447,-3.2114,-3.7447,-3.2114,401.93,0.090809206,0,0.221938851
43,2150,459.35,-4.7149,-3.9773,-4.7149,-3.9773,459.35,0.09138903,0,0.221359027
44,2200,-129.19,4.2369,5.1435,4.2369,5.1435,-129.19,0.091969002,0,0.220779055
45,2250,215.32,4.2523,4.9398,4.2523,4.9398,215.32,0.092549069,0,0.220198988
46,2300,-157.9,-1.8788,-1.3268,-1.8788,-1.3268,-157.9,0.09312918,0,0.219618877
47,2350,100.48,-1.0403,-0.4389,-1.0403,-0.4389,100.48,0.093709284,0,0.219038773
48,2400,358.87,-2.3421,-1.7927,-2.3421,-1.7927,358.87,0.094289326,0,0.218458731
49,2450,28.71,3.1902,3.8996,3.1902,3.8996,28.71,0.09486925,0,0.217878807
50,2500,186.61,4.3924,5.0754,4.3924,5.0754,186.61,0.095448997,0,0.21729906
51,2550,244.03,6.0566,6.9176,6.0566,6.9176,244.03,0.096028502,0,0.216719555
52,2600,416.29,3.4761,4.3815,3.4761,4.3815,416.29,0.096607694,0,0.216140363
53,2650,531.13,3.3341,4.2414,3.3341,4.2414,531.13,0.097186495,0,0.215561562
54,2700,86.129,19.341,20.392,19.341,20.392,86.129,0.097764819,0,0.214983238
55,2750,358.87,3.4954,4.3962,3.4954,4.3962,358.87,0.098342566,0,0.214405491
56,2800,315.81,4.5948,5.3395,4.5948,5.3395,315.81,0.098919628,0,0.213828429
57,2850,401.93,-4.3603,-3.613,-4.3603,-3.613,401.93,0.099495879,0,0.213252178
58,2900,258.39,2.0311,2.6248,2.0311,2.6248,258.39,0.100071177,0,0.21267688
59,2950,315.81,1.2921,1.9231,1.2921,1.9231,315.81,0.100645359,0,0.212102698
60,3000,301.45,1.2015,1.8248,1.2015,1.8248,301.45,0.101218241,0,0.211529816
61,3050,43.064,2.9897,3.5468,2.9897,3.5468,43.064,0.101782765,0,0.210965292
62,3100,-244.03,-0.6329,-0.0983,-0.6329,-0.0983,-244.03,0.102352406,0,0.210395651
63,3150,143.55,-2.3857,-1.8936,-2.3857,-1.8936,143.55,0.102920025,0,0.209828032
64,3200,229.68,3.3836,3.976,3.3836,3.976,229.68,0.103485318,0,0.209262739
65,3250,488.06,1.2632,1.8409,1.2632,1.8409,488.06,0.104047941,0,0.208700116
66,3300,473.71,2.8458,3.4048,2.8458,3.4048,473.71,0.104607516,0,0.208140541
67,3350,229.68,2.522,3.0758,2.522,3.0758,229.68,0.105163635,0,0.207584422
68,3400,114.84,2.1602,2.7571,2.1602,2.7571,114.84,0.105715867,0,0.20703219
69,3450,-114.84,1.6867,2.2894,1.6867,2.2894,-114.84,0.106263777,0,0.20648428
70,3500,-86.129,-4.7721,-4.305,-4.7721,-4.305,-86.129,0.106806952,0,0.205941105
71,3550,186.61,3.8706,4.528,3.8706,4.528,186.61,0.107345049,0,0.205403008
72,3600,86.129,3.3598,3.9966,3.3598,3.9966,86.129,0.107877859,0,0.204870198
73,3650,373.22,3.5597,4.1604,3.5597,4.1604,373.22,0.1084054,0,0.204342657
74,3700,373.22,-0.036,0.5018,-0.036,0.5018,373.22,0.108928026,0,0.203820031
75,3750,186.61,-1.553,-0.9349,-1.553,-0.9349,186.61,0.109446539,0,0.203301518
76,3800,373.22,5.015,5.7128,5.015,5.7128,373.22,0.10995909,0,0.202788967
77,3850,86.129,0.3155,0.9124,0.3155,0.9124,86.129,0.110467003,0,0.202281054
78,3900,57.419,-1.9186,-1.4014,-1.9186,-1.4014,57.419,0.110975871,0,0.201772186
79,3950,315.81,4.5974,5.2296,4.5974,5.2296,315.81,0.111487429,0,0.201260628
80,4000,229.68,-6.2506,-5.6061,-6.2506,-5.6061,229.68,0.112003536,0,0.200744521
81,4050,244.03,-3.2731,-2.7835,-3.2731,-2.7835,244.03,0.112526207,0,0.20022185
82,4100,215.32,3.401,4.0364,3.401,4.0364,215.32,0.11305764,0,0.199690417
83,4150,-28.71,-6.3129,-5.8516,-6.3129,-5.8516,-28.71,0.11360025,0,0.199147807
84,4200,186.61,-1.296,-0.7775,-1.296,-0.7775,186.61,0.114156706,0,0.198591351
85,4250,43.064,4.8293,5.4172,4.8293,5.4172,43.064,0.114729961,0,0.198018096
86,4300,416.29,-2.619,-2.0966,-2.619,-2.0966,416.29,0.115323295,0,0.197424762
87,4350,157.9,5.0503,5.7661,5.0503,5.7661,157.9,0.115940343,0,0.196807714
88,4400,301.45,4.2067,5.0336,4.2067,5.0336,301.45,0.11658513,0,0.196162927
89,4450,574.19,0.2442,0.8488,0.2442,0.8488,574.19,0.117262081,0,0.195485976
90,4500,401.93,2.3286,2.9897,2.3286,2.9897,401.93,0.117976022,0,0.194772035
91,4550,71.774,2.2521,2.8201,2.2521,2.8201,71.774,0.118732141,0,0.194015916
92,4600,71.774,-5.6441,-5.0304,-5.6441,-5.0304,71.774,0.119524116,0,0.193223941
93,4650,215.32,6.0688,6.8758,6.0688,6.8758,215.32,0.120380397,0,0.19236766
94,4700,100.48,0.6213,1.197,0.6213,1.197,100.48,0.12129523,0,0.191452827
95,4750,272.74,-7.0788,-6.5443,-7.0788,-6.5443,272.74,0.122273428,0,0.190474629
96,4800,330.16,6.1947,6.9516,6.1947,6.9516,330.16,0.123318615,0,0.189429442
97,4850,100.48,9.978,10.779,9.978,10.779,100.48,0.124432413,0,0.188315644
98,4900,157.9,-6.9176,-6.3052,-6.9176,-6.3052,157.9,0.125613445,0,0.187134612
99,4950,-14.355,-4.9732,-4.4226,-4.9732,-4.4226,-14.355,0.126856213,0,0.185891844
100,5000,-129.19,-6.4742,-6.0187,-6.4742,-6.0187,-129.19,0.128150015,0,0.184598042
101,5050,244.03,8.3639,9.0489,8.3639,9.0489,244.03,0.129478158,0,0.183269899
102,5100,129.19,-3.9233,-3.2275,-3.9233,-3.2275,129.19,0.130817809,0,0.181930248
103,5150,114.84,2.0131,2.635,2.0131,2.635,114.84,0.132140826,0,0.180607231
104,5200,57.419,-0.4472,0.1645,-0.4472,0.1645,57.419,0.133415765,0,0.179332292
105,5250,57.419,4.792,5.396,4.792,5.396,57.419,0.13461095,0,0.178137107
106,5300,-43.064,3.9143,4.5293,3.9143,4.5293,-43.064,0.135697444,0,0.177050613
107,5350,157.9,-0.5057,0.1426,-0.5057,0.1426,157.9,0.136655205,0,0.176092852
108,5400,344.52,3.4626,4.2909,3.4626,4.2909,344.52,0.137471176,0,0.175276881
109,5450,57.419,-1.2478,-0.7106,-1.2478,-0.7106,57.419,0.13814281,0,0.174605247
110,5500,330.16,1.7792,2.3343,1.7792,2.3343,330.16,0.138676088,0,0.174071969
111,5550,502.42,4.4406,5.0613,4.4406,5.0613,502.42,0.139083348,0,0.173664709
112,5600,358.87,-4.8396,-4.2195,-4.8396,-4.2195,358.87,0.139380789,0,0.173367268
113,5650,-186.61,-0.9445,-0.4331,-0.9445,-0.4331,-186.61,0.139586137,0,0.17316192
114,5700,57.419,-3.0238,-2.3992,-3.0238,-2.3992,57.419,0.139716841,0,0.173031216
115,5750,57.419,1.7252,2.3202,1.7252,2.3202,57.419,0.139788924,0,0.172959133
116,5800,0,-4.8595,-4.1836,-4.8595,-4.1836,0,0.139816441,0,0.172931616
117,5850,416.29,-2.2097,-1.6545,-2.2097,-1.6545,416.29,0.139811424,0,0.172936633
118,5900,200.97,-4.3712,-3.7331,-4.3712,-3.7331,200.97,0.139784119,0,0.172963938
119,5950,43.064,-0.3964,0.1844,-0.3964,0.1844,43.064,0.139743382,0,0.173004675
120,6000,-143.55,1.952,2.5213,1.952,2.5213,-143.55,0.139697099,0,0.173050958
121,6050,244.03,11.721,12.473,11.721,12.473,244.03,0.139652528,0,0.173095529
122,6100,-215.32,-4.6456,-4.1643,-4.6456,-4.1643,-215.32,0.139616518,0,0.173131539
123,6150,287.1,0.2782,0.8224,0.2782,0.8224,287.1,0.139595655,0,0.173152402
124,6200,-172.26,-1.7297,-1.0486,-1.7297,-1.0486,-172.26,0.139595792,0,0.173152265
125,6250,258.39,-0.1439,0.4607,-0.1439,0.4607,258.39,0.13962246,0,0.173125597
126,6300,-14.355,-4.961,-4.4611,-4.961,-4.4611,-14.355,0.139680193,0,0.173067864
127,6350,-43.064,0.4511,0.9908,0.4511,0.9908,-43.064,0.139772397,0,0.17297566
128,6400,43.064,2.8644,3.5108,2.8644,3.5108,43.064,0.139901185,0,0.172846872
129,6450,229.68,4.4072,5.0259,4.4072,5.0259,229.68,0.140067321,0,0.172680736
130,6500,-186.61,3.1722,4.003,3.1722,4.003,-186.61,0.140270294,0,0.172477763
131,6550,-14.355,-0.9844,-0.4588,-0.9844,-0.4588,-14.355,0.140508483,0,0.172239574
132,6600,14.355,2.8837,3.6682,2.8837,3.6682,14.355,0.140779395,0,0.171968662
133,6650,-14.355,2.6447,3.1979,2.6447,3.1979,-14.355,0.141079925,0,0.171668132
134,6700,229.68,2.6428,3.2885,2.6428,3.2885,229.68,0.141406613,0,0.171341444
135,6750,-86.129,2.1621,2.9576,2.1621,2.9576,-86.129,0.141755865,0,0.170992192
136,6800,229.68,0.5931,1.1482,0.5931,1.1482,229.68,0.142124138,0,0.170623919
137,6850,57.419,-5.5605,-4.9096,-5.5605,-4.9096,57.419,0.142508873,0,0.170239184
138,6900,100.48,-0.8957,-0.356,-0.8957,-0.356,100.48,0.142905389,0,0.169842668
139,6950,244.03,0.4112,0.9959,0.4112,0.9959,244.03,0.143311718,0,0.169436339
140,7000,57.419,-1.3898,-0.8584,-1.3898,-0.8584,57.419,0.143725464,0,0.169022593
141,7050,-28.71,-1.3744,-0.7922,-1.3744,-0.7922,-28.71,0.144144604,0,0.168603453
142,7100,143.55,6.4138,7.2382,6.4138,7.2382,143.55,0.144567476,0,0.168180581
143,7150,-157.9,-2.5991,-1.864,-2.5991,-1.864,-157.9,0.144992759,0,0.167755298
144,7200,186.61,0.5121,1.1251,0.5121,1.1251,186.61,0.145419435,0,0.167328622
145,7250,43.064,1.4451,2.0413,1.4451,2.0413,43.064,0.145846755,0,0.166901302
146,7300,43.064,6.1375,6.8604,6.1375,6.8604,43.064,0.146274197,0,0.16647386
147,7350,-401.93,-1.5575,-1.0114,-1.5575,-1.0114,-401.93,0.146701433,0,0.166046624
148,7400,301.45,3.108,3.9002,3.108,3.9002,301.45,0.147128293,0,0.165619764
149,7450,-100.48,2.3954,2.9672,2.3954,2.9672,-100.48,0.147554737,0,0.16519332
150,7500,344.52,3.3663,3.9702,3.3663,3.9702,344.52,0.14798083,0,0.164767227
151,7550,114.84,1.2221,1.7895,1.2221,1.7895,114.84,0.148406718,0,0.164341339
152,7600,-86.129,-4.943,-4.4637,-4.943,-4.4637,-86.129,0.148832609,0,0.163915448
153,7650,-114.84,-4.0743,-3.3637,-4.0743,-3.3637,-114.84,0.149255516,0,0.163492541
154,7700,-43.064,-3.7447,-3.0379,-3.7447,-3.0379,-43.064,0.149682198,0,0.163065859
155,7750,330.16,-5.5978,-5.1191,-5.5978,-5.1191,330.16,0.150109715,0,0.162638342
156,7800,0,-2.0169,-1.3204,-2.0169,-1.3204,0,0.150538371,0,0.162209686
157,7850,186.61,-0.7569,-0.1831,-0.7569,-0.1831,186.61,0.150968462,0,0.161779595
158,7900,-129.19,-4.2298,-3.7614,-4.2298,-3.7614,-129.19,0.151400263,0,0.161347794
159,7950,244.03,1.9745,2.6081,1.9745,2.6081,244.03,0.151834024,0,0.160914033
160,8000,143.55,2.8175,3.6162,2.8175,3.6162,143.55,0.152269956,0,0.160478101
161,8050,157.9,4.6288,5.3588,4.6288,5.3588,157.9,0.152708226,0,0.160039831
162,8100,330.16,-2.6222,-2.1017,-2.6222,-2.1017,330.16,0.15314895,0,0.159599107
163,8150,-287.1,-0.2628,0.3817,-0.2628,0.3817,-287.1,0.153592192,0,0.159155865
164,8200,-157.9,-0.9953,-0.4517,-0.9953,-0.4517,-157.9,0.154037954,0,0.158710103
165,8250,-100.48,1.3545,1.9797,1.3545,1.9797,-100.48,0.154486183,0,0.158261874
166,8300,186.61,3.4588,4.1277,3.4588,4.1277,186.61,0.15493677,0,0.157811287
167,8350,-215.32,-0.683,-0.0161,-0.683,-0.0161,-215.32,0.155390392,0,0.157357665
168,8400,143.55,-5.8432,-5.2393,-5.8432,-5.2393,143.55,0.155844267,0,0.15690379
169,8450,129.19,5.5188,6.2435,5.5188,6.2435,129.19,0.156300791,0,0.156447266
170,8500,86.129,-1.7329,-1.1636,-1.7329,-1.1636,86.129,0.156758846,0,0.155989211
171,8550,186.61,1.4843,2.0735,1.4843,2.0735,186.61,0.157218244,0,0.155529813
172,8600,-71.774,-5.096,-4.483,-5.096,-4.483,-71.774,0.157678838,0,0.155069219
173,8650,287.1,0.7614,1.3166,0.7614,1.3166,287.1,0.158140526,0,0.154607531
174,8700,143.55,3.1716,3.7428,3.1716,3.7428,143.55,0.158603251,0,0.154144806
175,8750,215.32,11.199,12.01,11.199,12.01,215.32,0.159067005,0,0.153681052
176,8800,157.9,9.3656,10.223,9.3656,10.223,157.9,0.159531829,0,0.153216228
177,8850,-114.84,3.2262,3.8726,3.2262,3.8726,-114.84,0.15999781,0,0.152750247
178,8900,330.16,-3.6207,-3.1311,-3.6207,-3.1311,330.16,0.160465081,0,0.152282976
179,8950,287.1,-8.6364,-8.1994,-8.6364,-8.1994,287.1,0.16093382,0,0.151814237
180,9000,86.129,8.4918,9.4357,8.4918,9.4357,86.129,0.161404247,0,0.15134381
181,9050,473.71,-6.8822,-6.4286,-6.8822,-6.4286,473.71,0.16187662,0,0.150871437
182,9100,-28.71,-7.2934,-6.7942,-7.2934,-6.7942,-28.71,0.162351226,0,0.150396831
183,9150,-143.55,-0.0835,0.4607,-0.0835,0.4607,-143.55,0.162827106,0,0.149920951
184,9200,-100.48,4.3879,5.0285,4.3879,5.0285,-100.48,0.163307076,0,0.149440981
185,9250,344.52,3.5976,4.3326,3.5976,4.3326,344.52,0.16379018,0,0.148957877
186,9300,272.74,3.7878,4.6533,3.7878,4.6533,272.74,0.164276684,0,0.148471373
187,9350,143.55,-3.4324,-2.9107,-3.4324,-2.9107,143.55,0.16476683,0,0.147981227
188,9400,57.419,3.4318,4.1341,3.4318,4.1341,57.419,0.165260833,0,0.147487224
189,9450,344.52,-6.7364,-6.2879,-6.7364,-6.2879,344.52,0.165758887,0,0.14698917
190,9500,86.129,-2.058,-1.4258,-2.058,-1.4258,86.129,0.166261171,0,0.146486886
191,9550,358.87,5.166,6.0424,5.166,6.0424,358.87,0.166767852,0,0.145980205
192,9600,244.03,-3.4524,-2.9216,-3.4524,-2.9216,244.03,0.167279086,0,0.145468971
193,9650,-57.419,5.2078,5.8336,5.2078,5.8336,-57.419,0.167795016,0,0.144953041
194,9700,-86.129,-3.8302,-3.3502,-3.8302,-3.3502,-86.129,0.168315759,0,0.144432298
195,9750,143.55,-0.9208,-0.3836,-0.9208,-0.3836,143.55,0.168841403,0,0.143906654
196,9800,-57.419,-6.0758,-5.6042,-6.0758,-5.6042,-57.419,0.169371982,0,0.143376075
197,9850,-71.774,-7.0653,-6.6278,-7.0653,-6.6278,-71.774,0.169907463,0,0.142840594
198,9900,172.26,2.1441,2.7481,2.1441,2.7481,172.26,0.170447711,0,0.142300346
199,9950,358.87,1.1296,1.7201,1.1296,1.7201,358.87,0.170992552,0,0.141755505
200,10000,287.1,-1.519,-0.9812,-1.519,-0.9812,287.1,0.171541604,0,0.141206453
201,10050,-229.68,8.9647,9.7987,8.9647,9.7987,-229.68,0.172094379,0,0.140653678
202,10100,57.419,4.2118,5.094,4.2118,5.094,57.419,0.172650247,0,0.14009781
203,10150,-315.81,3.9927,4.7015,3.9927,4.7015,-315.81,0.173208437,0,0.13953962
204,10200,-387.58,-1.1791,-0.6438,-1.1791,-0.6438,-387.58,0.173768051,0,0.138980006
205,10250,258.39,3.9028,4.6025,3.9028,4.6025,258.39,0.174328099,0,0.138419958
206,10300,387.58,-0.6361,-0.0681,-0.6361,-0.0681,387.58,0.174887526,0,0.137860531
207,10350,531.13,5.1956,5.8336,5.1956,5.8336,531.13,0.175445266,0,0.137302791
208,10400,143.55,-6.6554,-6.1722,-6.6554,-6.1722,143.55,0.17600028,0,0.136747777
209,10450,114.84,1.6147,2.2392,1.6147,2.2392,114.84,0.176551607,0,0.13619645
210,10500,200.97,-2.157,-1.6333,-2.157,-1.6333,200.97,0.177098402,0,0.135649655
211,10550,445,3.1208,3.8469,3.1208,3.8469,445,0.177639968,0,0.135108089
212,10600,-143.55,1.7875,2.3999,1.7875,2.3999,-143.55,0.178175777,0,0.13457228
213,10650,244.03,4.5948,5.2418,4.5948,5.2418,244.03,0.178705479,0,0.134042578
214,10700,0,1.2812,1.8871,1.2812,1.8871,0,0.179227257,0,0.1335208
215,10750,129.19,5.9338,6.631,5.9338,6.631,129.19,0.179744397,0,0.13300366
216,10800,157.9,0.7659,1.3937,0.7659,1.3937,157.9,0.180255354,0,0.132492703
217,10850,-57.419,2.371,3.0238,2.371,3.0238,-57.419,0.180760355,0,0.131987702
218,10900,244.03,1.0248,1.6301,1.0248,1.6301,244.03,0.181259716,0,0.131488341
219,10950,387.58,1.2183,1.7805,1.2183,1.7805,387.58,0.181753811,0,0.130994246
220,11000,344.52,4.1103,4.7786,4.1103,4.7786,344.52,0.182243049,0,0.130505008
221,11050,143.55,-4.2793,-3.5738,-4.2793,-3.5738,143.55,0.182727856,0,0.130020201
222,11100,215.32,4.1861,4.8968,4.1861,4.8968,215.32,0.183208658,0,0.129539399
223,11150,244.03,2.9576,3.8527,2.9576,3.8527,244.03,0.183685864,0,0.129062193
224,11200,301.45,1.3198,1.9752,1.3198,1.9752,301.45,0.184159864,0,0.128588193
225,11250,401.93,-0.6682,-0.0617,-0.6682,-0.0617,401.93,0.184631018,0,0.128117039
226,11300,373.22,4.012,4.6847,4.012,4.6847,373.22,0.185099654,0,0.127648403
227,11350,14.355,0.9227,1.5543,0.9227,1.5543,14.355,0.185566068,0,0.127181989
228,11400,330.16,1.954,2.5791,1.954,2.5791,330.16,0.186030522,0,0.126717535
229,11450,-143.55,3.106,3.7042,3.106,3.7042,-143.55,0.186493248,0,0.126254809
230,11500,0,4.2163,4.8229,4.2163,4.8229,0,0.186954448,0,0.125793609
231,11550,-43.064,-2.7513,-2.2232,-2.7513,-2.2232,-43.064,0.187414342,0,0.125333715
232,11600,-473.71,7.2247,8.1538,7.2247,8.1538,-473.71,0.187872994,0,0.124875063
233,11650,28.71,-4.6083,-3.9259,-4.6083,-3.9259,28.71,0.188330581,0,0.124417476
234,11700,330.16,1.1225,1.6873,1.1225,1.6873,330.16,0.188787231,0,0.123960826
235,11750,330.16,3.4793,4.2857,3.4793,4.2857,330.16,0.189243066,0,0.123504991
236,11800,473.71,0.7845,1.3371,0.7845,1.3371,473.71,0.189698208,0,0.123049849
237,11850,272.74,-2.946,-2.4249,-2.946,-2.4249,272.74,0.190152777,0,0.12259528
238,11900,71.774,1.1591,1.7856,1.1591,1.7856,71.774,0.1906069,0,0.122141157
239,11950,200.97,4.0949,4.7355,4.0949,4.7355,200.97,0.191060708,0,0.121687349
240,12000,-28.71,-1.1193,-0.5815,-1.1193,-0.5815,-28.71,0.191514336,0,0.121233721
241,12050,-71.774,4.9443,5.5618,4.9443,5.5618,-71.774,0.191967929,0,0.120780128
242,12100,86.129,-0.8019,-0.2647,-0.8019,-0.2647,86.129,0.192421631,0,0.120326426
243,12150,-43.064,4.67,5.3523,4.67,5.3523,-43.064,0.192875592,0,0.119872465
244,12200,315.81,6.5886,7.4342,6.5886,7.4342,315.81,0.193321744,0,0.119426313
245,12250,14.355,0.818,1.3603,0.818,1.3603,14.355,0.193776649,0,0.118971408
246,12300,143.55,4.0011,4.8261,4.0011,4.8261,143.55,0.194232226,0,0.118515831
247,12350,-215.32,0.2159,0.8244,0.2159,0.8244,-215.32,0.194688585,0,0.118059472
248,12400,186.61,0.7331,1.2664,0.7331,1.2664,186.61,0.195145813,0,0.117602244
249,12450,100.48,5.9987,6.6483,5.9987,6.6483,100.48,0.195603972,0,0.117144085
250,12500,258.39,2.6434,3.3283,2.6434,3.3283,258.39,0.196063095,0,0.116684962
251,12550,215.32,5.948,6.5995,5.948,6.5995,215.32,0.196523189,0,0.116224868
252,12600,373.22,0.5455,1.1495,0.5455,1.1495,373.22,0.196984225,0,0.115763832
253,12650,-157.9,0.4305,1.0673,0.4305,1.0673,-157.9,0.197446145,0,0.115301912
254,12700,373.22,0.8051,1.3461,0.8051,1.3461,373.22,0.197908859,0,0.114839198
255,12750,157.9,0.0283,0.6059,0.0283,0.6059,157.9,0.198372249,0,0.114375808
256,12800,272.74,2.2682,2.9364,2.2682,2.9364,272.74,0.198836169,0,0.113911888
257,12850,129.19,-3.8411,-3.1793,-3.8411,-3.1793,129.19,0.199300451,0,0.113447606
258,12900,200.97,-5.2939,-4.6417,-5.2939,-4.6417,200.97,0.199764909,0,0.112983148
259,12950,172.26,-7.5517,-7.1039,-7.5517,-7.1039,172.26,0.200229337,0,0.11251872
260,13000,373.22,3.7788,4.4849,3.7788,4.4849,373.22,0.200693556,0,0.112054501
261,13050,-57.419,0.6258,1.1964,0.6258,1.1964,-57.419,0.201157356,0,0.111590701
262,13100,129.19,-2.4616,-1.9334,-2.4616,-1.9334,129.19,0.201620553,0,0.111127504
263,13150,43.064,-3.1626,-2.6518,-3.1626,-2.6518,43.064,0.202082981,0,0.110665076
264,13200,315.81,5.3292,6.2564,5.3292,6.2564,315.81,0.202544499,0,0.110203558
265,13250,-100.48,2.8265,3.4774,2.8265,3.4774,-100.48,0.203004966,0,0.109743091
266,13300,-186.61,-3.1401,-2.5001,-3.1401,-2.5001,-186.61,0.203464341,0,0.109283716
267,13350,-157.9,0.2217,0.7698,0.2217,0.7698,-157.9,0.203922552,0,0.108825505
268,13400,0,-1.4207,-0.7897,-1.4207,-0.7897,0,0.204379579,0,0.108368478
269,13450,114.84,4.1861,4.7985,4.1861,4.7985,114.84,0.204835433,0,0.107912624
270,13500,244.03,-3.1754,-2.5624,-3.1754,-2.5624,244.03,0.205290156,0,0.107457901
271,13550,143.55,5.8921,6.6259,5.8921,6.6259,143.55,0.20574382,0,0.107004237
272,13600,100.48,8.9486,9.7955,8.9486,9.7955,100.48,0.206196523,0,0.106551534
273,13650,-64.597,-3.7756,-3.3688,-3.7756,-3.3688,-64.597,0.206646581,0,0.106101476
274,13700,165.08,9.2525,9.8899,9.2525,9.8899,165.08,0.207097749,0,0.105650308
275,13750,179.43,4.686,5.308,4.686,5.308,179.43,0.207548367,0,0.10519969
276,13800,7.1774,-2.1486,-1.7226,-2.1486,-1.7226,7.1774,0.207998592,0,0.104749465
277,13850,337.34,0.1407,0.6066,0.1407,0.6066,337.34,0.208448581,0,0.104299476
278,13900,122.02,-0.0212,0.487,-0.0212,0.487,122.02,0.20889849,0,0.103849567
279,13950,-265.56,-3.9593,-3.3868,-3.9593,-3.3868,-265.56,0.209348474,0,0.103399583
280,14000,-222.5,5.522,6.16,5.522,6.16,-222.5,0.20979868,0,0.102949377
281,14050,279.92,3.426,4.1816,3.426,4.1816,279.92,0.210249249,0,0.102498808
282,14100,437.82,0.6014,1.0942,0.6014,1.0942,437.82,0.210700311,0,0.102047746
283,14150,-50.242,-3.9889,-3.3984,-3.9889,-3.3984,-50.242,0.211151988,0,0.101596069
284,14200,21.532,-3.7942,-3.2377,-3.7942,-3.2377,21.532,0.211604389,0,0.101143668
285,14250,-7.1774,-1.4746,-1.0081,-1.4746,-1.0081,-7.1774,0.212057611,0,0.100690446
286,14300,-294.27,8.0581,8.8343,8.0581,8.8343,-294.27,0.21251174,0,0.100236317
287,14350,165.08,-3.408,-2.9473,-3.408,-2.9473,165.08,0.21296685,0,0.099781207
288,14400,208.14,2.8509,3.4369,2.8509,3.4369,208.14,0.213423005,0,0.099325052
289,14450,179.43,-0.9336,-0.4607,-0.9336,-0.4607,179.43,0.213880285,0,0.098867772
290,14500,-193.79,0.5037,1.0139,0.5037,1.0139,-193.79,0.214338683,0,0.098409374
291,14550,35.887,0.8295,1.3089,0.8295,1.3089,35.887,0.214798277,0,0.09794978
292,14600,337.34,3.2487,3.7723,3.2487,3.7723,337.34,0.215259123,0,0.097488934
293,14650,122.02,5.8163,6.4235,5.8163,6.4235,122.02,0.215721272,0,0.097026785
294,14700,-150.73,-0.1227,0.4356,-0.1227,0.4356,-150.73,0.216184838,0,0.096563219
295,14750,93.306,-2.486,-2.0208,-2.486,-2.0208,93.306,0.216649922,0,0.096098135
296,14800,78.951,9.2288,9.9433,9.2288,9.9433,78.951,0.217116681,0,0.095631376
297,14850,50.242,4.1489,4.7111,4.1489,4.7111,50.242,0.217585329,0,0.095162728
298,14900,-107.66,2.9068,3.4479,2.9068,3.4479,-107.66,0.218056152,0,0.094691905
299,14950,136.37,-4.0473,-3.4736,-4.0473,-3.4736,136.37,0.218529521,0,0.094218536
300,15000,64.597,3.6817,4.3217,3.6817,4.3217,64.597,0.219005913,0,0.093742144
301,15050,208.14,2.5065,3.0713,2.5065,3.0713,208.14,0.219485919,0,0.093262138
302,15100,-64.597,-2.8098,-2.3575,-2.8098,-2.3575,-64.597,0.219970258,0,0.092777799
303,15150,523.95,8.9994,9.7325,8.9994,9.7325,523.95,0.220459787,0,0.09228827
304,15200,-21.532,2.3086,2.8644,2.3086,2.8644,-21.532,0.220955497,0,0.09179256
305,15250,-35.887,3.7736,4.5235,3.7736,4.5235,-35.887,0.221458506,0,0.091289551
306,15300,-279.92,2.504,3.0366,2.504,3.0366,-279.92,0.221970037,0,0.09077802
307,15350,78.951,3.0084,3.7286,3.0084,3.7286,78.951,0.222484375,0,0.090263682
308,15400,35.887,3.0951,3.8032,3.0951,3.8032,35.887,0.223016641,0,0.089731416
309,15450,64.597,2.8972,3.6072,2.8972,3.6072,64.597,0.223561232,0,0.089186825
310,15500,93.306,3.239,3.9612,3.239,3.9612,93.306,0.224119227,0,0.08862883
311,15550,351.69,6.5102,7.2324,6.5102,7.2324,351.69,0.224691446,0,0.088056611
312,15600,150.73,10.8,11.536,10.8,11.536,150.73,0.225278353,0,0.087469704
313,15650,-7.1774,5.3215,5.8934,5.3215,5.8934,-7.1774,0.225879957,0,0.0868681
314,15700,-179.43,0.5037,1.0358,0.5037,1.0358,-179.43,0.226495752,0,0.086252305
315,15750,107.66,4.2999,4.9116,4.2999,4.9116,107.66,0.227124685,0,0.085623372
316,15800,351.69,0.577,1.0923,0.577,1.0923,351.69,0.227765172,0,0.084982885
317,15850,351.69,-1.9334,-1.3256,-1.9334,-1.3256,351.69,0.228415173,0,0.084332884
318,15900,-236.85,-3.0996,-2.592,-3.0996,-2.592,-236.85,0.229072303,0,0.083675754
319,15950,322.98,0.0392,0.5455,0.0392,0.5455,322.98,0.229734943,0,0.083013114
320,16000,322.98,-0.1182,0.3303,-0.1182,0.3303,322.98,0.230398518,0,0.082349539
321,16050,-35.887,2.9049,3.4594,2.9049,3.4594,-35.887,0.23106152,0,0.081686537
322,16100,294.27,2.6402,3.1606,2.6402,3.1606,294.27,0.231721691,0,0.081026366
323,16150,265.56,2.8676,3.6034,2.8676,3.6034,265.56,0.23237711,0,0.080370947
324,16200,279.92,7.7156,8.4757,7.7156,8.4757,279.92,0.233026243,0,0.079721814
325,16250,-351.69,5.4372,6.0386,5.4372,6.0386,-351.69,0.233667959,0,0.079080098
326,16300,-50.242,3.5468,4.1238,3.5468,4.1238,-50.242,0.234301512,0,0.078446545
327,16350,165.08,1.8717,2.4282,1.8717,2.4282,165.08,0.234926391,0,0.077821666
328,16400,-21.532,-1.3692,-0.8835,-1.3692,-0.8835,-21.532,0.235542753,0,0.077205304
329,16450,595.72,0.0469,0.5474,0.0469,0.5474,595.72,0.23615068,0,0.076597377
330,16500,78.951,-3.1786,-2.5978,-3.1786,-2.5978,78.951,0.236750686,0,0.075997371
331,16550,150.73,-2.9634,-2.3472,-2.9634,-2.3472,150.73,0.237343464,0,0.075404593
332,16600,208.14,-4.1058,-3.5687,-4.1058,-3.5687,208.14,0.237929802,0,0.074818255
333,16650,35.887,-5.1898,-4.7336,-5.1898,-4.7336,35.887,0.23851052,0,0.074237537
334,16700,-78.951,-5.2315,-4.7618,-5.2315,-4.7618,-78.951,0.239086425,0,0.073661632
335,16750,107.66,-3.1349,-2.5894,-3.1349,-2.5894,107.66,0.239658281,0,0.073089776
336,16800,35.887,-3.2185,-2.5804,-3.2185,-2.5804,35.887,0.240226795,0,0.072521262
337,16850,480.89,-2.3273,-1.7284,-2.3273,-1.7284,480.89,0.240792606,0,0.071955451
338,16900,251.21,1.8036,2.3459,1.8036,2.3459,251.21,0.241356287,0,0.07139177
339,16950,294.27,0.8173,1.3667,0.8173,1.3667,294.27,0.241918343,0,0.070829714
340,17000,423.47,2.5965,3.1992,2.5965,3.1992,423.47,0.242479216,0,0.070268841
341,17050,107.66,-0.5802,-0.0977,-0.5802,-0.0977,107.66,0.243034865,0,0.069713192
342,17100,-337.34,6.7653,7.5383,6.7653,7.5383,-337.34,0.24359447,0,0.069153587
343,17150,366.05,7.6995,8.4108,7.6995,8.4108,366.05,0.244153869,0,0.068594188
344,17200,21.532,-0.3039,0.1459,-0.3039,0.1459,21.532,0.244713271,0,0.068034786
345,17250,-222.5,2.9807,3.5423,2.9807,3.5423,-222.5,0.245272825,0,0.067475232
346,17300,337.34,4.1315,4.821,4.1315,4.821,337.34,0.24583261,0,0.066915447
347,17350,-193.79,-0.1928,0.3084,-0.1928,0.3084,-193.79,0.246392622,0,0.066355435
348,17400,-165.08,7.2331,7.8679,7.2331,7.8679,-165.08,0.246952769,0,0.065795288
349,17450,-193.79,0.4151,0.9632,0.4151,0.9632,-193.79,0.247512707,0,0.06523535
350,17500,-165.08,3.9086,4.4348,3.9086,4.4348,-165.08,0.248072453,0,0.064675604
351,17550,279.92,-0.3213,0.1728,-0.3213,0.1728,279.92,0.24863157,0,0.064116487
352,17600,-64.597,-10.207,-9.8944,-10.207,-9.8944,-64.597,0.24918976,0,0.063558297
353,17650,308.63,9.1947,9.8276,9.1947,9.8276,308.63,0.249746736,0,0.063001321
354,17700,-35.887,5.9107,6.5507,5.9107,6.5507,-35.887,0.250302233,0,0.062445824
355,17750,251.21,-6.3245,-5.9216,-6.3245,-5.9216,251.21,0.250856023,0,0.061892034
356,17800,78.951,3.0283,3.5866,3.0283,3.5866,78.951,0.251407923,0,0.061340134
357,17850,136.37,-2.682,-2.1101,-2.682,-2.1101,136.37,0.251957811,0,0.060790246
358,17900,-21.532,4.4354,5.0793,4.4354,5.0793,-21.532,0.252505627,0,0.06024243
359,17950,78.951,5.8426,6.4794,5.8426,6.4794,78.951,0.253051391,0,0.059696666
360,18000,337.34,2.1718,2.673,2.1718,2.673,337.34,0.253595203,0,0.059152854
361,18050,-122.02,4.9026,5.4956,4.9026,5.4956,-122.02,0.254137253,0,0.058610804
362,18100,351.69,3.6168,4.2176,3.6168,4.2176,351.69,0.254677824,0,0.058070233
363,18150,21.532,3.0488,3.6316,3.0488,3.6316,21.532,0.255217304,0,0.057530753
364,18200,-21.532,6.3129,6.8899,6.3129,6.8899,-21.532,0.25575618,0,0.056991877
365,18250,50.242,-2.6196,-2.0124,-2.6196,-2.0124,50.242,0.256295049,0,0.056453008
366,18300,-21.532,3.187,3.7704,3.187,3.7704,-21.532,0.256834619,0,0.055913438
367,18350,236.85,-5.6608,-5.2592,-5.6608,-5.2592,236.85,0.257375704,0,0.055372353
368,18400,78.951,-2.4731,-1.8961,-2.4731,-1.8961,78.951,0.257919226,0,0.054828831
369,18450,64.597,-4.6025,-4.0313,-4.6025,-4.0313,64.597,0.258464728,0,0.054283329
370,18500,251.21,-2.6293,-2.0953,-2.6293,-2.0953,251.21,0.259016262,0,0.053731795
371,18550,193.79,0.9895,1.4663,0.9895,1.4663,193.79,0.259573515,0,0.053174542
372,18600,7.1774,-1.589,-1.1257,-1.589,-1.1257,7.1774,0.260137675,0,0.052610382
373,18650,-78.951,2.9126,3.4922,2.9126,3.4922,-78.951,0.2607099,0,0.052038157
374,18700,21.532,5.912,6.5128,5.912,6.5128,21.532,0.261291256,0,0.051456801
375,18750,208.14,3.0643,3.6393,3.0643,3.6393,208.14,0.261882618,0,0.050865439
376,18800,50.242,3.0103,3.5314,3.0103,3.5314,50.242,0.262484563,0,0.050263494
377,18850,122.02,10.169,10.845,10.169,10.845,122.02,0.263097227,0,0.04965083
378,18900,-7.1774,8.0658,8.8272,8.0658,8.8272,-7.1774,0.26372016,0,0.049027897
379,18950,-21.532,5.2958,6.0109,5.2958,6.0109,-21.532,0.264352176,0,0.048395881
380,19000,165.08,3.4414,4.0306,3.4414,4.0306,165.08,0.26499123,0,0.047756827
381,19050,-21.532,6.2442,6.8662,6.2442,6.8662,-21.532,0.265634353,0,0.047113704
382,19100,-107.66,-2.8978,-2.4853,-2.8978,-2.4853,-107.66,0.266275924,0,0.046472133
383,19150,64.597,3.4357,3.9548,3.4357,3.9548,64.597,0.266914792,0,0.045833265
384,19200,-21.532,-6.7981,-6.4614,-6.7981,-6.4614,-21.532,0.267544153,0,0.045203904
385,19250,251.21,-6.498,-6.0668,-6.498,-6.0668,251.21,0.268158602,0,0.044589455
386,19300,-251.21,-4.4708,-3.8764,-4.4708,-3.8764,-251.21,0.268752792,0,0.043995265
387,19350,179.43,0.5256,1.0416,0.5256,1.0416,179.43,0.269321791,0,0.043426266
388,19400,-279.92,-2.2328,-1.8081,-2.2328,-1.8081,-279.92,0.269861417,0,0.04288664
389,19450,265.56,-0.5166,0.0148,-0.5166,0.0148,265.56,0.27036851,0,0.042379547
390,19500,222.5,4.4984,5.0716,4.4984,5.0716,222.5,0.27084109,0,0.041906967
391,19550,50.242,-0.0071,0.4684,-0.0071,0.4684,50.242,0.271278401,0,0.041469656
392,19600,-193.79,7.3789,7.9604,7.3789,7.9604,-193.79,0.271680844,0,0.041067213
393,19650,351.69,8.7983,9.5128,8.7983,9.5128,351.69,0.272049807,0,0.04069825
394,19700,78.951,4.6308,5.3729,4.6308,5.3729,78.951,0.272387447,0,0.04036061
395,19750,-179.43,5.0356,5.7803,5.0356,5.7803,-179.43,0.272697489,0,0.040050568
396,19800,251.21,3.5307,4.1971,3.5307,4.1971,251.21,0.272980634,0,0.039767423
397,19850,-236.85,3.3798,3.9163,3.3798,3.9163,-236.85,0.273241217,0,0.03950684
398,19900,50.242,5.9962,6.5385,5.9962,6.5385,50.242,0.273482233,0,0.039265824
399,19950,265.56,4.2954,4.9289,4.2954,4.9289,265.56,0.273706487,0,0.03904157
400,20000,251.21,-0.825,-0.3238,-0.825,-0.3238,251.21,0.273916521,0,0.038831536
401,20050,21.532,-2.7983,-2.3902,-2.7983,-2.3902,21.532,0.274114573,0,0.038633484
402,20100,64.597,0.0488,0.523,0.0488,0.523,64.597,0.274302572,0,0.038445485
403,20150,78.951,-6.2448,-5.8638,-6.2448,-5.8638,78.951,0.274479947,0,0.03826811
404,20200,-222.5,-4.8865,-4.4065,-4.8865,-4.4065,-222.5,0.274652515,0,0.038095542
405,20250,193.79,-3.4286,-2.9043,-3.4286,-2.9043,193.79,0.274819062,0,0.037928995
406,20300,193.79,1.7818,2.2797,1.7818,2.2797,193.79,0.274980447,0,0.03776761
407,20350,-7.1774,-0.64,-0.1504,-0.64,-0.1504,-7.1774,0.275137341,0,0.037610716
408,20400,-236.85,2.8143,3.3528,2.8143,3.3528,-236.85,0.275290255,0,0.037457802
409,20450,78.951,5.1197,5.709,5.1197,5.709,78.951,0.275439575,0,0.037308482
410,20500,21.532,1.208,1.7651,1.208,1.7651,21.532,0.275585591,0,0.037162466
411,20550,150.73,2.9891,3.5005,2.9891,3.5005,150.73,0.275728515,0,0.037019542
412,20600,193.79,9.1446,9.7653,9.1446,9.7653,193.79,0.275868512,0,0.036879545
413,20650,165.08,10.68,11.373,10.68,11.373,165.08,0.276005709,0,0.036742348
414,20700,-21.532,9.8116,10.539,9.8116,10.539,-21.532,0.276140213,0,0.036607844
415,20750,78.951,6.7839,7.5389,6.7839,7.5389,78.951,0.276272118,0,0.036475939
416,20800,251.21,5.1827,5.9415,5.1827,5.9415,251.21,0.276401475,0,0.036346582
417,20850,279.92,3.9349,4.6725,3.9349,4.6725,279.92,0.276528439,0,0.036219618
418,20900,-7.1774,3.825,4.5601,3.825,4.5601,-7.1774,0.276653053,0,0.036095004
419,20950,93.306,4.6745,5.3703,4.6745,5.3703,93.306,0.276775389,0,0.035972668
420,21000,-93.306,3.1073,3.6747,3.1073,3.6747,-93.306,0.276895518,0,0.035852539
421,21050,179.43,3.3483,3.8597,3.3483,3.8597,179.43,0.277013501,0,0.035734556
422,21100,-222.5,4.1193,4.6211,4.1193,4.6211,-222.5,0.277129399,0,0.035618658
423,21150,-64.597,4.8987,5.4275,4.8987,5.4275,-64.597,0.277243266,0,0.035504791
424,21200,251.21,4.891,5.4551,4.891,5.4551,251.21,0.277355151,0,0.035392906
425,21250,-308.63,5.8554,6.4466,5.8554,6.4466,-308.63,0.277465098,0,0.035282959
426,21300,150.73,5.0973,5.7179,5.0973,5.7179,150.73,0.277573147,0,0.03517491
427,21350,107.66,3.0373,3.6464,3.0373,3.6464,107.66,0.27767933,0,0.035068727
428,21400,165.08,1.5023,2.0793,1.5023,2.0793,165.08,0.277783673,0,0.034964384
429,21450,351.69,-0.9651,-0.4523,-0.9651,-0.4523,351.69,0.277886385,0,0.034861672
430,21500,35.887,-2.6325,-2.1634,-2.6325,-2.1634,35.887,0.277987109,0,0.034760948
431,21550,-64.597,-3.25,-2.7957,-3.25,-2.7957,-64.597,0.278086032,0,0.034662025
432,21600,-21.532,-4.528,-4.0968,-4.528,-4.0968,-21.532,0.278183152,0,0.034564905
433,21650,136.37,0.7826,1.2793,0.7826,1.2793,136.37,0.278278455,0,0.034469602
434,21700,35.887,3.0283,3.5809,3.0283,3.5809,35.887,0.278371919,0,0.034376138
435,21750,351.69,-2.7334,-2.2354,-2.7334,-2.2354,351.69,0.278463512,0,0.034284545
436,21800,-93.306,-6.2725,-5.8625,-6.2725,-5.8625,-93.306,0.278553188,0,0.034194869
437,21850,-64.597,-0.692,-0.2448,-0.692,-0.2448,-64.597,0.278640646,0,0.034107411
438,21900,-35.887,3.6451,4.2844,3.6451,4.2844,-35.887,0.278726315,0,0.034021742
439,21950,78.951,5.1641,5.6762,5.1641,5.6762,78.951,0.278809863,0,0.033938194
440,22000,-50.242,-5.1814,-4.7927,-5.1814,-4.7927,-50.242,0.2788912,0,0.033856857
441,22050,-7.1774,-3.6503,-3.2512,-3.6503,-3.2512,-7.1774,0.278970222,0,0.033777835
442,22100,351.69,-6.1195,-5.7655,-6.1195,-5.7655,351.69,0.279046818,0,0.033701239
443,22150,337.34,2.1956,2.6909,2.1956,2.6909,337.34,0.279120868,0,0.033627189
444,22200,337.34,3.2724,3.7672,3.2724,3.7672,337.34,0.279192251,0,0.033555806
445,22250,122.02,5.9371,6.6612,5.9371,6.6612,122.02,0.27926084,0,0.033487217
446,22300,-322.98,-1.1238,-0.6406,-1.1238,-0.6406,-322.98,0.279326515,0,0.033421542
447,22350,136.37,-4.517,-4.0801,-4.517,-4.0801,136.37,0.279389159,0,0.033358898
448,22400,236.85,-5.646,-5.2624,-5.646,-5.2624,236.85,0.279448664,0,0.033299393
449,22450,50.242,7.7098,8.4262,7.7098,8.4262,50.242,0.279504938,0,0.033243119
450,22500,35.887,4.9276,5.4526,4.9276,5.4526,35.887,0.279557903,0,0.033190154
451,22550,-122.02,5.8593,6.4524,5.8593,6.4524,-122.02,0.279607502,0,0.033140555
452,22600,7.1774,-1.0094,-0.5526,-1.0094,-0.5526,7.1774,0.279653698,0,0.033094359
453,22650,122.02,2.3723,2.8818,2.3723,2.8818,122.02,0.279696482,0,0.033051575
454,22700,179.43,9.8064,10.413,9.8064,10.413,179.43,0.279735865,0,0.033012192
455,22750,7.1774,0.0071,0.426,0.0071,0.426,7.1774,0.279771887,0,0.03297617
456,22800,150.73,1.943,2.4102,1.943,2.4102,150.73,0.279804612,0,0.032943445
457,22850,107.66,-3.356,-2.9897,-3.356,-2.9897,107.66,0.279834127,0,0.03291393
458,22900,-78.951,2.4494,2.991,2.4494,2.991,-78.951,0.279860542,0,0.032887515
459,22950,35.887,-6.6683,-6.3052,-6.6683,-6.3052,35.887,0.279883988,0,0.032864069
460,23000,-236.85,5.3883,6.097,5.3883,6.097,-236.85,0.279904612,0,0.032843445
461,23050,-394.76,-7.057,-6.7087,-7.057,-6.7087,-394.76,0.279922578,0,0.032825479
462,23100,93.306,4.562,5.0645,4.562,5.0645,93.306,0.279938161,0,0.032809896
463,23150,208.14,2.6556,3.187,2.6556,3.187,208.14,0.279951334,0,0.032796723
464,23200,-208.14,-1.7843,-1.3358,-1.7843,-1.3358,-208.14,0.279962422,0,0.032785635
465,23250,165.08,5.1731,5.7565,5.1731,5.7565,165.08,0.279971666,0,0.032776391
466,23300,423.47,5.5483,6.1208,5.5483,6.1208,423.47,0.279979332,0,0.032768725
467,23350,208.14,8.353,9.0726,8.353,9.0726,208.14,0.279985708,0,0.032762349
468,23400,-265.56,-3.94,-3.543,-3.94,-3.543,-265.56,0.279991096,0,0.032756961
469,23450,-35.887,4.6398,5.2887,4.6398,5.2887,-35.887,0.27999581,0,0.032752247
470,23500,-50.242,-4.8531,-4.4264,-4.8531,-4.4264,-50.242,0.28000009,0,0.032747967
471,23550,222.5,-4.4515,-3.9889,-4.4515,-3.9889,222.5,0.28000442,0,0.032743637
472,23600,-251.21,-3.7402,-3.2602,-3.7402,-3.2602,-251.21,0.280009035,0,0.032739022
473,23650,222.5,1.0531,1.5543,1.0531,1.5543,222.5,0.280014248,0,0.032733809
474,23700,50.242,-1.3975,-0.9638,-1.3975,-0.9638,50.242,0.280020362,0,0.032727695
475,23750,-78.951,4.1951,4.7426,4.1951,4.7426,-78.951,0.280027664,0,0.032720393
476,23800,-35.887,7.3012,7.8415,7.3012,7.8415,-35.887,0.280036424,0,0.032711633
477,23850,-78.951,6.1015,6.7499,6.1015,6.7499,-78.951,0.280046884,0,0.032701173
478,23900,-78.951,4.0833,4.6764,4.0833,4.6764,-78.951,0.280059353,0,0.032688704
479,23950,-35.887,6.4427,7.0262,6.4427,7.0262,-35.887,0.280073843,0,0.032674214
480,24000,122.02,-4.0718,-3.6772,-4.0718,-3.6772,122.02,0.280090602,0,0.032657455
481,24050,-122.02,3.0238,3.5449,3.0238,3.5449,-122.02,0.28010979,0,0.032638267
482,24100,251.21,-7.981,-7.6391,-7.981,-7.6391,251.21,0.28013156,0,0.032616497
483,24150,-64.597,-3.6098,-3.0842,-3.6098,-3.0842,-64.597,0.280156054,0,0.032592003
484,24200,-35.887,2.3369,2.8548,2.3369,2.8548,-35.887,0.280183405,0,0.032564652
485,24250,93.306,2.5554,3.0797,2.5554,3.0797,93.306,0.280213734,0,0.032534323
486,24300,107.66,3.5577,4.111,3.5577,4.111,107.66,0.28024715,0,0.032500907
487,24350,294.27,9.5989,10.229,9.5989,10.229,294.27,0.280283747,0,0.03246431
488,24400,93.306,8.2913,9.0077,8.2913,9.0077,93.306,0.280323603,0,0.032424454
489,24450,165.08,3.8726,4.4894,3.8726,4.4894,165.08,0.280366784,0,0.032381273
490,24500,322.98,5.6158,6.1639,5.6158,6.1639,322.98,0.280413338,0,0.032334719
491,24550,-21.532,-2.2052,-1.7085,-2.2052,-1.7085,-21.532,0.280463295,0,0.032284762
492,24600,-136.37,2.8792,3.3547,2.8792,3.3547,-136.37,0.280516671,0,0.032231386
493,24650,193.79,-7.6899,-7.3526,-7.6899,-7.3526,193.79,0.280573464,0,0.032174593
494,24700,136.37,-5.4282,-4.9122,-5.4282,-4.9122,136.37,0.280633655,0,0.032114402
495,24750,78.951,-1.58,-1.0685,-1.58,-1.0685,78.951,0.28069721,0,0.032050847
496,24800,265.56,-0.8822,-0.4305,-0.8822,-0.4305,265.56,0.280764078,0,0.031983979
497,24850,279.92,5.9075,6.5436,5.9075,6.5436,279.92,0.280834195,0,0.031913862
498,24900,150.73,2.6948,3.2448,2.6948,3.2448,150.73,0.28090748,0,0.031840577
499,24950,265.56,8.8625,9.5051,8.8625,9.5051,265.56,0.280983842,0,0.031764215
500,25000,193.79,4.7753,5.4513,4.7753,5.4513,193.79,0.281063176,1,0.031684881
501,25050,-50.242,4.1013,4.7715,4.1013,4.7715,-50.242,0.281145367,1,0.03160269
502,25100,-50.242,3.694,4.208,3.694,4.208,-50.242,0.281230291,1,0.031517766
503,25150,165.08,6.2416,6.7923,6.2416,6.7923,165.08,0.281317816,1,0.031430241
504,25200,86.129,1.4586,2.0099,1.4586,2.0099,86.129,0.281407138,1,0.031340919
505,25250,186.61,5.389,5.9698,5.389,5.9698,186.61,0.281499432,1,0.031248625
506,25300,-14.355,4.251,4.7927,4.251,4.7927,-14.355,0.2815939,1,0.031154157
507,25350,-114.84,2.8394,3.3444,2.8394,3.3444,-114.84,0.281690392,1,0.031057665
508,25400,574.19,3.1266,3.6573,3.1266,3.6573,574.19,0.281788759,1,0.030959298
509,25450,502.42,3.2924,3.852,3.2924,3.852,502.42,0.281888852,1,0.030859205
510,25500,43.064,2.8818,3.399,2.8818,3.399,43.064,0.281990523,1,0.030757534
511,25550,-71.774,4.3281,4.8647,4.3281,4.8647,-71.774,0.282093628,1,0.030654429
512,25600,244.03,5.6595,6.2757,5.6595,6.2757,244.03,0.282198095,1,0.030549962
513,25650,272.74,2.211,2.8021,2.211,2.8021,272.74,0.282303648,1,0.030444409
514,25700,86.129,-3.4485,-3.0032,-3.4485,-3.0032,86.129,0.282410227,1,0.03033783
515,25750,143.55,3.5185,4.0833,3.5185,4.0833,143.55,0.282517708,1,0.030230349
516,25800,129.19,-7.4483,-7.0872,-7.4483,-7.0872,129.19,0.282625973,1,0.030122084
517,25850,129.19,-3.2371,-2.6787,-3.2371,-2.6787,129.19,0.282734912,1,0.030013145
518,25900,129.19,2.3812,2.912,2.3812,2.912,129.19,0.282844422,1,0.029903635
519,25950,100.48,1.4341,1.943,1.4341,1.943,100.48,0.282954406,1,0.029793651
520,26000,186.61,4.5498,5.1641,4.5498,5.1641,186.61,0.283064777,1,0.02968328
521,26050,-172.26,6.0219,6.6002,6.0219,6.6002,-172.26,0.283175455,1,0.029572602
522,26100,229.68,8.7944,9.5186,8.7944,9.5186,229.68,0.283286368,1,0.029461689
523,26150,272.74,5.3549,6.0913,5.3549,6.0913,272.74,0.283397451,1,0.029350606
524,26200,14.355,2.2302,2.7867,2.2302,2.7867,14.355,0.283508648,1,0.029239409
525,26250,330.16,5.2174,5.7963,5.2174,5.7963,330.16,0.28361991,1,0.029128147
526,26300,301.45,0.1613,0.6901,0.1613,0.6901,301.45,0.283731194,1,0.029016863
527,26350,344.52,-3.6168,-3.1908,-3.6168,-3.1908,344.52,0.283842464,1,0.028905593
528,26400,186.61,-0.3315,0.1362,-0.3315,0.1362,186.61,0.283953694,1,0.028794363
529,26450,-315.81,0.7987,1.2761,0.7987,1.2761,-315.81,0.284064861,1,0.028683196
530,26500,71.774,-2.1274,-1.6802,-2.1274,-1.6802,71.774,0.284175865,1,0.028572192
531,26550,157.9,0.2153,0.7621,0.2153,0.7621,157.9,0.284286877,1,0.02846118
532,26600,674.68,3.6136,4.1418,3.6136,4.1418,674.68,0.284397796,1,0.028350261
533,26650,71.774,5.085,5.8008,5.085,5.8008,71.774,0.284508625,1,0.028239432
534,26700,301.45,12.742,13.503,12.742,13.503,301.45,0.284619369,1,0.028128688
535,26750,186.61,2.2232,2.7282,2.2232,2.7282,186.61,0.28473004,1,0.028018017
536,26800,172.26,6.9812,7.6089,6.9812,7.6089,172.26,0.284840654,1,0.027907403
537,26850,-143.55,-0.7421,-0.2756,-0.7421,-0.2756,-143.55,0.284951232,1,0.027796825
538,26900,351.69,-5.0915,-4.6436,-5.0915,-4.6436,351.69,0.285059808,1,0.027688249
539,26950,265.56,3.4074,3.9343,3.4074,3.9343,265.56,0.285170391,1,0.027577666
540,27000,35.887,3.5063,4.0171,3.5063,4.0171,35.887,0.285281013,1,0.027467044
541,27050,423.47,2.8117,3.3161,2.8117,3.3161,423.47,0.285391693,1,0.027356364
542,27100,222.5,2.6344,3.1774,2.6344,3.1774,222.5,0.285502448,1,0.027245609
543,27150,7.1774,1.7297,2.2592,1.7297,2.2592,7.1774,0.285613287,1,0.02713477
544,27200,-35.887,-2.7623,-2.3388,-2.7623,-2.3388,-35.887,0.285724218,1,0.027023839
545,27250,93.306,3.5256,4.0236,3.5256,4.0236,93.306,0.285835241,1,0.026912816
546,27300,437.82,4.9257,5.4462,4.9257,5.4462,437.82,0.285946216,1,0.026801841
547,27350,35.887,3.7736,4.3333,3.7736,4.3333,35.887,0.286057386,1,0.026690671
548,27400,222.5,1.3069,1.8132,1.3069,1.8132,222.5,0.286168616,1,0.026579441
549,27450,380.4,0.4376,0.9317,0.4376,0.9317,380.4,0.286279885,1,0.026468172
550,27500,437.82,2.9865,3.5609,2.9865,3.5609,437.82,0.286391162,1,0.026356895
551,27550,351.69,5.5914,6.1896,5.5914,6.1896,351.69,0.286502413,1,0.026245644
552,27600,366.05,5.3382,5.9679,5.3382,5.9679,366.05,0.286613594,1,0.026134463
553,27650,-279.92,10.682,11.4,10.682,11.4,-279.92,0.286724655,1,0.026023402
554,27700,351.69,4.5729,5.1101,4.5729,5.1101,351.69,0.286835539,1,0.025912518
555,27750,380.4,7.5061,8.1255,7.5061,8.1255,380.4,0.28694618,1,0.025801877
556,27800,-294.27,-0.7608,-0.3103,-0.7608,-0.3103,-294.27,0.287056506,1,0.025691551
557,27850,193.79,0.568,1.0075,0.568,1.0075,193.79,0.287166434,1,0.025581623
558,27900,-35.887,-2.9505,-2.4371,-2.9505,-2.4371,-35.887,0.287275877,1,0.02547218
559,27950,-35.887,-5.094,-4.6918,-5.094,-4.6918,-35.887,0.287384737,1,0.02536332
560,28000,150.73,4.1,4.6494,4.1,4.6494,150.73,0.287492911,1,0.025255146
561,28050,122.02,-1.8351,-1.4052,-1.8351,-1.4052,122.02,0.287600287,1,0.02514777
562,28100,322.98,4.6372,5.1885,4.6372,5.1885,322.98,0.287706746,1,0.025041311
563,28150,294.27,3.7017,4.1977,3.7017,4.1977,294.27,0.287812476,1,0.024935581
564,28200,-122.02,4.4624,5.1127,4.4624,5.1127,-122.02,0.287916728,1,0.024831329
565,28250,294.27,8.0118,8.6839,8.0118,8.6839,294.27,0.288019667,1,0.02472839
566,28300,150.73,5.6653,6.1658,5.6653,6.1658,150.73,0.288121154,1,0.024626903
567,28350,265.56,5.7334,6.3187,5.7334,6.3187,265.56,0.288221042,1,0.024527015
568,28400,150.73,2.6948,3.2127,2.6948,3.2127,150.73,0.288319183,1,0.024428874
569,28450,122.02,0.4562,0.9381,0.4562,0.9381,122.02,0.288415429,1,0.024332628
570,28500,552.66,1.0011,1.519,1.0011,1.519,552.66,0.288509628,1,0.024238429
571,28550,380.4,-2.1242,-1.6031,-2.1242,-1.6031,380.4,0.288601634,1,0.024146423
572,28600,308.63,5.9261,6.5282,5.9261,6.5282,308.63,0.288691298,1,0.024056759
573,28650,64.597,4.9328,5.5162,4.9328,5.5162,64.597,0.28877848,1,0.023969577
574,28700,-165.08,1.3725,1.8743,1.3725,1.8743,-165.08,0.28886304,1,0.023885017
575,28750,523.95,-0.7569,-0.2988,-0.7569,-0.2988,523.95,0.28894485,1,0.023803207
576,28800,-21.532,-4.251,-3.7916,-4.251,-3.7916,-21.532,0.289023787,1,0.02372427
577,28850,-136.37,-7.3988,-7.0499,-7.3988,-7.0499,-136.37,0.289099737,1,0.02364832
578,28900,-50.242,-3.5436,-3.1465,-3.5436,-3.1465,-50.242,0.289172599,1,0.023575458
579,28950,179.43,10.118,10.809,10.118,10.809,179.43,0.289242284,1,0.023505773
580,29000,193.79,5.3909,5.9962,5.3909,5.9962,193.79,0.289308715,1,0.023439342
581,29050,251.21,-5.5001,-5.0773,-5.5001,-5.0773,251.21,0.28937183,1,0.023376227
582,29100,-78.951,9.2204,9.8328,9.2204,9.8328,-78.951,0.289431582,1,0.023316475
583,29150,-7.1774,3.6361,4.1945,3.6361,4.1945,-7.1774,0.28948794,1,0.023260117
584,29200,-50.242,4.217,4.7349,4.217,4.7349,-50.242,0.289540888,1,0.023207169
585,29250,236.85,-1.5434,-1.1212,-1.5434,-1.1212,236.85,0.289590428,1,0.023157629
586,29300,208.14,7.483,8.1917,7.483,8.1917,208.14,0.289636578,1,0.023111479
587,29350,-64.597,5.0754,5.6196,5.0754,5.6196,-64.597,0.289679373,1,0.023068684
588,29400,208.14,8.9615,9.6002,8.9615,9.6002,208.14,0.289718864,1,0.023029193
589,29450,-136.37,0.1606,0.6997,0.1606,0.6997,-136.37,0.289755117,1,0.02299294
590,29500,-78.951,0.4633,0.967,0.4633,0.967,-78.951,0.289788213,1,0.022959844
591,29550,-122.02,3.1047,3.6175,3.1047,3.6175,-122.02,0.289818249,1,0.022929808
592,29600,-35.887,5.3382,6.0771,5.3382,6.0771,-35.887,0.289845334,1,0.022902723
593,29650,-50.242,1.9199,2.387,1.9199,2.387,-50.242,0.28986959,1,0.022878467
594,29700,193.79,-3.0296,-2.6029,-3.0296,-2.6029,193.79,0.289891149,1,0.022856908
595,29750,-78.951,6.3502,6.9233,6.3502,6.9233,-78.951,0.289910155,1,0.022837902
596,29800,-122.02,-1.5119,-1.0319,-1.5119,-1.0319,-122.02,0.289926818,1,0.022821239
597,29850,294.27,1.5485,2.0863,1.5485,2.0863,294.27,0.289941171,1,0.022806886
598,29900,322.98,2.5226,3.0315,2.5226,3.0315,322.98,0.289953445,1,0.022794612
599,29950,107.66,-5.105,-4.5595,-5.105,-4.5595,107.66,0.289963809,1,0.022784248
600,30000,64.597,4.483,5.1968,4.483,5.1968,64.597,0.289972436,1,0.022775621
601,30050,-179.43,-0.2808,0.1683,-0.2808,0.1683,-179.43,0.289979499,1,0.022768558
602,30100,21.532,-4.6629,-4.1032,-4.6629,-4.1032,21.532,0.289985171,1,0.022762886
603,30150,208.14,10.239,10.976,10.239,10.976,208.14,0.289989624,1,0.022758433
604,30200,-150.73,4.8614,5.6106,4.8614,5.6106,-150.73,0.289993026,1,0.022755031
605,30250,-208.14,2.2617,2.7893,2.2617,2.7893,-208.14,0.289995502,1,0.022752555
606,30300,150.73,5.7989,6.3406,5.7989,6.3406,150.73,0.289997296,1,0.022750761
607,30350,64.597,0.9824,1.4123,0.9824,1.4123,64.597,0.289998502,1,0.022749555
608,30400,150.73,6.2037,6.8694,6.2037,6.8694,150.73,0.289999259,1,0.022748798
609,30450,165.08,-1.9218,-1.4226,-1.9218,-1.4226,165.08,0.289999688,1,0.022748369
610,30500,-122.02,5.0349,5.7,5.0349,5.7,-122.02,0.289999898,1,0.022748159
611,30550,93.306,1.9026,2.3793,1.9026,2.3793,93.306,0.289999979,1,0.022748078
612,30600,107.66,-5.9371,-5.5625,-5.9371,-5.5625,107.66,0.289999999,1,0.022748058
613,30650,337.34,0.487,0.9343,0.487,0.9343,337.34,0.29,1,0.022748057
614,30700,64.597,-5.9685,-5.5907,-5.9685,-5.5907,64.597,0.29,1,0.022748057
615,30750,452.18,-4.1681,-3.6638,-4.1681,-3.6638,452.18,0.29,1,0.022748057
616,30800,136.37,0.9298,1.3622,0.9298,1.3622,136.37,0.29,1,0.022748057
617,30850,208.14,4.1849,4.6494,4.1849,4.6494,208.14,0.29,1,0.022748057
618,30900,-122.02,3.4279,3.8931,3.4279,3.8931,-122.02,0.29,1,0.022748057
619,30950,-7.1774,3.737,4.2748,3.737,4.2748,-7.1774,0.29,1,0.022748057
620,31000,165.08,-4.4245,-3.9381,-4.4245,-3.9381,165.08,0.29,1,0.022748057
621,31050,322.98,5.3735,5.9493,5.3735,5.9493,322.98,0.29,1,0.022748057
622,31100,93.306,4.9598,5.5412,4.9598,5.5412,93.306,0.29,1,0.022748057
623,31150,-122.02,5.5194,6.2082,5.5194,6.2082,-122.02,0.29,1,0.022748057
624,31200,35.887,-3.8077,-3.3862,-3.8077,-3.3862,35.887,0.29,1,0.022748057
625,31250,-78.951,5.3144,6.0084,5.3144,6.0084,-78.951,0.29,1,0.022748057
626,31300,-7.1774,-0.4453,0.0572,-0.4453,0.0572,-7.1774,0.29,1,0.022748057
627,31350,279.92,-4.021,-3.4703,-4.021,-3.4703,279.92,0.29,1,0.022748057
628,31400,337.34,-0.8141,-0.3328,-0.8141,-0.3328,337.34,0.29,1,0.022748057
629,31450,380.4,1.0975,1.5421,1.0975,1.5421,380.4,0.29,1,0.022748057
630,31500,107.66,10.967,11.62,10.967,11.62,107.66,0.29,1,0.022748057
631,31550,523.95,-4.4566,-3.9233,-4.4566,-3.9233,523.95,0.29,1,0.022748057
632,31600,7.1774,1.8152,2.3035,1.8152,2.3035,7.1774,0.29,1,0.022748057
633,31650,50.242,2.966,3.6329,2.966,3.6329,50.242,0.29,1,0.022748057
634,31700,466.53,3.6368,4.3114,3.6368,4.3114,466.53,0.29,1,0.022748057
635,31750,538.3,-3.64,-3.1934,-3.64,-3.1934,538.3,0.29,1,0.022748057
636,31800,251.21,-2.3922,-1.8377,-2.3922,-1.8377,251.21,0.29,1,0.022748057
637,31850,251.21,4.1752,4.6815,4.1752,4.6815,251.21,0.29,1,0.022748057
638,31900,-7.1774,4.4926,5.0581,4.4926,5.0581,-7.1774,0.29,1,0.022748057
639,31950,157.9,-4.7214,-4.3095,-4.7214,-4.3095,157.9,0.29,1,0.022748057
640,32000,215.32,-4.4329,-3.9818,-4.4329,-3.9818,215.32,0.29,1,0.022748057
641,32050,315.81,6.3245,7.0429,6.3245,7.0429,315.81,0.29,1,0.022748057
642,32100,0,6.8385,7.5877,6.8385,7.5877,0,0.29,1,0.022748057
643,32150,-57.419,3.1427,3.6766,3.1427,3.6766,-57.419,0.29,1,0.022748057
644,32200,-172.26,4.3731,4.9642,4.3731,4.9642,-172.26,0.29,1,0.022748057
645,32250,-229.68,3.2101,3.8244,3.2101,3.8244,-229.68,0.29,1,0.022748057
646,32300,57.419,-0.0251,0.5404,-0.0251,0.5404,57.419,0.29,1,0.022748057
647,32350,200.97,-5.8073,-5.4346,-5.8073,-5.4346,200.97,0.29,1,0.022748057
648,32400,86.129,6.5963,7.377,6.5963,7.377,86.129,0.29,1,0.022748057
649,32450,28.71,4.5485,5.1268,4.5485,5.1268,28.71,0.29,1,0.022748057
650,32500,229.68,3,3.6008,3,3.6008,229.68,0.29,1,0.022748057
651,32550,-100.48,5.1152,5.8901,5.1152,5.8901,-100.48,0.29,1,0.022748057
652,32600,71.774,-7.643,-7.2478,-7.643,-7.2478,71.774,0.29,1,0.022748057
653,32650,-114.84,-0.6329,-0.0887,-0.6329,-0.0887,-114.84,0.29,1,0.022748057
654,32700,172.26,1.1084,1.607,1.1084,1.607,172.26,0.29,1,0.022748057
655,32750,186.61,3.694,4.2414,3.694,4.2414,186.61,0.29,1,0.022748057
656,32800,86.129,8.0118,8.8008,8.0118,8.8008,86.129,0.29,1,0.022748057
657,32850,-14.355,-1.4194,-0.9432,-1.4194,-0.9432,-14.355,0.29,1,0.022748057
658,32900,143.55,4.7496,5.3748,4.7496,5.3748,143.55,0.29,1,0.022748057
659,32950,215.32,4.5434,5.1422,4.5434,5.1422,215.32,0.29,1,0.022748057
660,33000,100.48,-4.0473,-3.5674,-4.0473,-3.5674,100.48,0.29,1,0.022748057
661,33050,157.9,7.4695,8.2418,7.4695,8.2418,157.9,0.29,1,0.022748057
662,33100,14.355,11.013,11.763,11.013,11.763,14.355,0.29,1,0.022748057
663,33150,43.064,-3.2455,-2.8349,-3.2455,-2.8349,43.064,0.29,1,0.022748057
664,33200,330.16,5.8375,6.5025,5.8375,6.5025,330.16,0.29,1,0.022748057
665,33250,-186.61,4.4746,5.0137,4.4746,5.0137,-186.61,0.29,1,0.022748057
666,33300,-71.774,6.3624,6.9741,6.3624,6.9741,-71.774,0.29,1,0.022748057
667,33350,157.9,-7.127,-6.6657,-7.127,-6.6657,157.9,0.29,1,0.022748057
668,33400,86.129,7.9668,8.6177,7.9668,8.6177,86.129,0.29,1,0.022748057
669,33450,129.19,3.2333,3.7845,3.2333,3.7845,129.19,0.29,1,0.022748057
670,33500,0,-5.9705,-5.5714,-5.9705,-5.5714,0,0.29,1,0.022748057
671,33550,86.129,3.0148,3.5854,3.0148,3.5854,86.129,0.29,1,0.022748057
672,33600,437.82,3.8758,4.5055,3.8758,4.5055,437.82,0.29,1,0.022748057
673,33650,50.242,2.0446,2.5406,2.0446,2.5406,50.242,0.29,1,0.022748057
674,33700,-21.532,4.0673,4.7194,4.0673,4.7194,-21.532,0.29,1,0.022748057
675,33750,-50.242,-5.0741,-4.5305,-5.0741,-4.5305,-50.242,0.29,1,0.022748057
676,33800,136.37,9.25,10.029,9.25,10.029,136.37,0.29,1,0.022748057
677,33850,-35.887,-5.3388,-4.9553,-5.3388,-4.9553,-35.887,0.29,1,0.022748057
678,33900,208.14,8.7758,9.5166,8.7758,9.5166,208.14,0.29,1,0.022748057
679,33950,-165.08,-3.9041,-3.3174,-3.9041,-3.3174,-165.08,0.29,1,0.022748057
680,34000,236.85,1.6025,2.1461,1.6025,2.1461,236.85,0.29,1,0.022748057
681,34050,165.08,4.1913,4.9373,4.1913,4.9373,165.08,0.29,1,0.022748057
682,34100,136.37,2.7147,3.2564,2.7147,3.2564,136.37,0.29,1,0.022748057
683,34150,50.242,-3.8565,-3.4055,-3.8565,-3.4055,50.242,0.29,1,0.022748057
684,34200,179.43,-7.7034,-7.3359,-7.7034,-7.3359,179.43,0.29,1,0.022748057
685,34250,107.66,10.764,11.543,10.764,11.543,107.66,0.29,1,0.022748057
686,34300,165.08,1.6642,2.1956,1.6642,2.1956,165.08,0.29,1,0.022748057
687,34350,7.1774,0.4061,0.9805,0.4061,0.9805,7.1774,0.29,1,0.022748057
688,34400,-78.951,7.6475,8.423,7.6475,8.423,-78.951,0.29,1,0.022748057
689,34450,122.02,-0.4331,0.0777,-0.4331,0.0777,122.02,0.29,1,0.022748057
690,34500,279.92,-4.9173,-4.4689,-4.9173,-4.4689,279.92,0.29,1,0.022748057
691,34550,-93.306,4.5248,5.1287,4.5248,5.1287,-93.306,0.29,1,0.022748057
692,34600,50.242,1.526,2.069,1.526,2.069,50.242,0.29,1,0.022748057
693,34650,64.597,0.2056,0.7209,0.2056,0.7209,64.597,0.29,1,0.022748057
694,34700,150.73,-4.9707,-4.4965,-4.9707,-4.4965,150.73,0.29,1,0.022748057
695,34750,165.08,3.9407,4.4785,3.9407,4.4785,165.08,0.29,1,0.022748057
696,34800,50.242,5.0189,5.779,5.0189,5.779,50.242,0.29,1,0.022748057
697,34850,380.4,-2.9576,-2.4995,-2.9576,-2.4995,380.4,0.29,1,0.022748057
698,34900,236.85,-2.6961,-2.2437,-2.6961,-2.2437,236.85,0.29,1,0.022748057
699,34950,251.21,0.7203,1.2536,0.7203,1.2536,251.21,0.29,1,0.022748057
700,35000,208.14,-3.9214,-3.3502,-3.9214,-3.3502,208.14,0.29,1,0.022748057
701,35050,93.306,4.6423,5.1654,4.6423,5.1654,93.306,0.29,1,0.022748057
702,35100,423.47,-0.8996,-0.3367,-0.8996,-0.3367,423.47,0.29,1,0.022748057
703,35150,452.18,-2.8599,-2.4012,-2.8599,-2.4012,452.18,0.29,1,0.022748057
704,35200,71.774,0.4568,0.976,0.4568,0.976,71.774,0.29,1,0.022748057
705,35250,430.64,-2.3029,-1.7882,-2.3029,-1.7882,430.64,0.29,1,0.022748057
706,35300,28.71,2.5605,3.1632,2.5605,3.1632,28.71,0.29,1,0.022748057
707,35350,-387.58,8.6107,9.3708,8.6107,9.3708,-387.58,0.29,1,0.022748057
708,35400,14.355,9.8199,10.577,9.8199,10.577,14.355,0.29,1,0.022748057
709,35450,-358.87,5.0105,5.6743,5.0105,5.6743,-358.87,0.29,1,0.022748057
710,35500,-258.39,9.5443,10.295,9.5443,10.295,-258.39,0.29,1,0.022748057
711,35550,100.48,3.6721,4.4669,3.6721,4.4669,100.48,0.29,1,0.022748057
712,35600,200.97,8.806,9.6002,8.806,9.6002,200.97,0.29,1,0.022748057
713,35650,-43.064,6.4016,7.109,6.4016,7.109,-43.064,0.29,1,0.022748057
714,35700,215.32,4.0101,4.6404,4.0101,4.6404,215.32,0.29,1,0.022748057
715,35750,-430.64,-1.384,-0.8822,-1.384,-0.8822,-430.64,0.29,1,0.022748057
716,35800,-344.52,-1.7798,-1.2427,-1.7798,-1.2427,-344.52,0.29,1,0.022748057
717,35850,86.129,-3.816,-3.3663,-3.816,-3.3663,86.129,0.29,1,0.022748057
718,35900,-129.19,2.4172,3.0096,2.4172,3.0096,-129.19,0.29,1,0.022748057
719,35950,100.48,-0.6188,-0.0167,-0.6188,-0.0167,100.48,0.29,1,0.022748057
720,36000,57.419,0.7055,1.3031,0.7055,1.3031,57.419,0.29,1,0.022748057
721,36050,129.19,3.3277,3.9902,3.3277,3.9902,129.19,0.29,1,0.022748057
722,36100,272.74,8.0928,8.7809,8.0928,8.7809,272.74,0.29,1,0.022748057
723,36150,-157.9,-7.5138,-7.12,-7.5138,-7.12,-157.9,0.29,1,0.022748057
724,36200,-129.19,1.6712,2.2611,1.6712,2.2611,-129.19,0.29,1,0.022748057
725,36250,172.26,5.4526,6.2943,5.4526,6.2943,172.26,0.29,1,0.022748057
726,36300,100.48,4.3333,4.9617,4.3333,4.9617,100.48,0.29,1,0.022748057
727,36350,200.97,1.0371,1.5504,1.0371,1.5504,200.97,0.29,1,0.022748057
728,36400,186.61,9.7916,10.527,9.7916,10.527,186.61,0.29,1,0.022748057
729,36450,229.68,3.9818,4.6578,3.9818,4.6578,229.68,0.29,1,0.022748057
730,36500,86.129,5.4436,6.0392,5.4436,6.0392,86.129,0.290000002,1,0.022748055
731,36550,229.68,6.3701,7.0705,6.3701,7.0705,229.68,0.290000028,1,0.022748029
732,36600,258.39,2.8117,3.5809,2.8117,3.5809,258.39,0.290000124,1,0.022747933
733,36650,14.355,2.6036,3.239,2.6036,3.239,14.355,0.290000363,1,0.022747694
734,36700,229.68,9.8707,10.666,9.8707,10.666,229.68,0.290000837,1,0.02274722
735,36750,430.64,-3.807,-3.2956,-3.807,-3.2956,430.64,0.290001656,1,0.022746401
736,36800,229.68,-4.9822,-4.3892,-4.9822,-4.3892,229.68,0.290002946,1,0.022745111
737,36850,-172.26,3.7749,4.4483,3.7749,4.4483,-172.26,0.290004846,1,0.022743211
738,36900,-373.22,2.0163,2.5798,2.0163,2.5798,-373.22,0.290007453,1,0.022740604
739,36950,-200.97,-7.1958,-6.7691,-7.1958,-6.7691,-200.97,0.290011012,1,0.022737045
740,37000,-502.42,-2.2739,-1.7349,-2.2739,-1.7349,-502.42,0.290015648,1,0.022732409
741,37050,-215.32,-0.3984,0.1754,-0.3984,0.1754,-215.32,0.29002153,1,0.022726527
742,37100,229.68,-3.4421,-2.7353,-3.4421,-2.7353,229.68,0.290028831,1,0.022719226
743,37150,-71.774,2.4539,3.0957,2.4539,3.0957,-71.774,0.290037723,1,0.022710334
744,37200,143.55,-6.4858,-6.0174,-6.4858,-6.0174,143.55,0.290048381,1,0.022699676
745,37250,-143.55,1.519,2.0606,1.519,2.0606,-143.55,0.290060976,1,0.022687081
746,37300,-71.774,0.4646,1.0518,0.4646,1.0518,-71.774,0.290075676,1,0.022672381
747,37350,-186.61,0.9407,1.4965,0.9407,1.4965,-186.61,0.2900927,1,0.022655357
748,37400,86.129,3.9092,4.5588,3.9092,4.5588,86.129,0.290112102,1,0.022635955
749,37450,129.19,-6.9034,-6.4582,-6.9034,-6.4582,129.19,0.290134082,1,0.022613975
750,37500,-186.61,1.5125,2.1499,1.5125,2.1499,-186.61,0.290158781,1,0.022589276
751,37550,-129.19,-6.3335,-5.8914,-6.3335,-5.8914,-129.19,0.290186329,1,0.022561728
752,37600,272.74,3.5738,4.1829,3.5738,4.1829,272.74,0.290216848,1,0.022531209
753,37650,272.74,-1.5055,-0.8661,-1.5055,-0.8661,272.74,0.290250444,1,0.022497613
754,37700,-28.71,-4.2452,-3.586,-4.2452,-3.586,-28.71,0.290287211,1,0.022460846
755,37750,143.55,5.1789,5.8972,5.1789,5.8972,143.55,0.290327228,1,0.022420829
756,37800,-14.355,3.836,4.4046,3.836,4.4046,-14.355,0.29037056,1,0.022377497
757,37850,-157.9,7.393,8.1699,7.393,8.1699,-157.9,0.290417254,1,0.022330803
758,37900,287.1,4.4457,5.2091,4.4457,5.2091,287.1,0.290467344,1,0.022280713
759,37950,-114.84,4.341,4.9373,4.341,4.9373,-114.84,0.290520843,1,0.022227214
760,38000,100.48,3.6156,4.2549,3.6156,4.2549,100.48,0.290577752,1,0.022170305
761,38050,157.9,6.9375,7.6038,6.9375,7.6038,157.9,0.290638052,1,0.022110005
762,38100,401.93,-3.2288,-2.7173,-3.2288,-2.7173,401.93,0.29070171,1,0.022046347
763,38150,-43.064,0.5179,1.1289,0.5179,1.1289,-43.064,0.290768638,1,0.021979419
764,38200,488.06,-0.7659,-0.2519,-0.7659,-0.2519,488.06,0.290838847,1,0.02190921
765,38250,71.774,5.3607,6.2262,5.3607,6.2262,71.774,0.29091222,1,0.021835837
766,38300,459.35,-8.0259,-7.6205,-8.0259,-7.6205,459.35,0.290988668,1,0.021759389
767,38350,215.32,6.6663,7.5138,6.6663,7.5138,215.32,0.291068085,1,0.021679972
768,38400,114.84,4.4721,5.3408,4.4721,5.3408,114.84,0.291150359,1,0.021597698
769,38450,14.355,2.2457,2.8683,2.2457,2.8683,14.355,0.291235364,1,0.021512693
770,38500,71.774,1.0236,1.5729,1.0236,1.5729,71.774,0.291322969,1,0.021425088
771,38550,-50.242,3.5635,4.1842,3.5635,4.1842,-50.242,0.291412027,1,0.02133603
772,38600,179.43,4.7548,5.4481,4.7548,5.4481,179.43,0.291504395,1,0.021243662
773,38650,208.14,4.7387,5.4378,4.7387,5.4378,208.14,0.291598936,1,0.021149121
774,38700,179.43,3.791,4.4759,3.791,4.4759,179.43,0.291695502,1,0.021052555
775,38750,-64.597,1.3487,2.0034,1.3487,2.0034,-64.597,0.291793941,1,0.020954116
776,38800,64.597,2.4153,3.0521,2.4153,3.0521,64.597,0.291894104,1,0.020853953
777,38850,64.597,4.3969,5.0414,4.3969,5.0414,64.597,0.291995844,1,0.020752213
778,38900,-136.37,4.562,5.2161,4.562,5.2161,-136.37,0.292099015,1,0.020649042
779,38950,236.85,2.1095,2.6877,2.1095,2.6877,236.85,0.292203477,1,0.02054458
780,39000,351.69,-0.798,-0.2544,-0.798,-0.2544,351.69,0.292309597,1,0.02043846
781,39050,308.63,0.8212,1.3577,0.8212,1.3577,308.63,0.292416219,1,0.020331838
782,39100,7.1774,-0.2185,0.3778,-0.2185,0.3778,7.1774,0.292523738,1,0.020224319
783,39150,351.69,-3.9972,-3.39,-3.9972,-3.39,351.69,0.292632037,1,0.02011602
784,39200,107.66,-4.5819,-3.9298,-4.5819,-3.9298,107.66,0.292741005,1,0.020007052
785,39250,-7.1774,-4.8942,-4.3082,-4.8942,-4.3082,-7.1774,0.29285054,1,0.019897517
786,39300,222.5,-5.3388,-4.7953,-5.3388,-4.7953,222.5,0.292960545,1,0.019787512
787,39350,122.02,-4.8345,-4.2889,-4.8345,-4.2889,122.02,0.293070933,1,0.019677124
788,39400,7.1774,-4.9193,-4.3789,-4.9193,-4.3789,7.1774,0.293181625,1,0.019566432
789,39450,265.56,-4.7387,-4.1553,-4.7387,-4.1553,265.56,0.293292549,1,0.019455508
790,39500,7.1774,-4.1598,-3.5307,-4.1598,-3.5307,7.1774,0.29340364,1,0.019344417
791,39550,236.85,-3.8482,-3.2326,-3.8482,-3.2326,236.85,0.293514843,1,0.019233214
792,39600,193.79,-2.0465,-1.4001,-2.0465,-1.4001,193.79,0.293626108,1,0.019121949
793,39650,208.14,0.6663,1.2986,0.6663,1.2986,208.14,0.293737393,1,0.019010664
794,39700,-35.887,1.9373,2.511,1.9373,2.511,-35.887,0.293848665,1,0.018899392
795,39750,64.597,-0.8192,-0.2917,-0.8192,-0.2917,64.597,0.293959894,1,0.018788163
796,39800,193.79,5.6518,6.338,5.6518,6.338,193.79,0.29407106,1,0.018676997
797,39850,35.887,1.2227,1.8666,1.2227,1.8666,35.887,0.294182064,1,0.018565993
798,39900,409.11,11.944,12.711,11.944,12.711,409.11,0.294293076,1,0.018454981
799,39950,222.5,8.0478,8.9049,8.0478,8.9049,222.5,0.294403996,1,0.018344061
800,40000,366.05,4.0261,4.7477,4.0261,4.7477,366.05,0.294514826,1,0.018233231
801,40050,64.597,6.5475,7.2054,6.5475,7.2054,64.597,0.294625573,1,0.018122484
802,40100,122.02,-4.2086,-3.7524,-4.2086,-3.7524,122.02,0.29473625,1,0.018011807
803,40150,193.79,2.0491,2.653,2.0491,2.653,193.79,0.294846871,1,0.017901186
804,40200,279.92,-7.1707,-6.7524,-7.1707,-6.7524,279.92,0.294957458,1,0.017790599
805,40250,-150.73,4.7117,5.5464,4.7117,5.5464,-150.73,0.295066929,1,0.017681128
806,40300,-21.532,5.2913,6.1414,5.2913,6.1414,-21.532,0.295177521,1,0.017570536
807,40350,-35.887,4.8325,5.6858,4.8325,5.6858,-35.887,0.295288154,1,0.017459903
808,40400,337.34,5.7147,6.5899,5.7147,6.5899,337.34,0.295398848,1,0.017349209
809,40450,122.02,4.7008,5.4706,4.7008,5.4706,122.02,0.295509617,1,0.01723844
810,40500,236.85,4.2915,5.0054,4.2915,5.0054,236.85,0.295620474,1,0.017127583
811,40550,35.887,3.2981,3.8886,3.2981,3.8886,35.887,0.295731422,1,0.017016635
812,40600,179.43,5.0876,5.7122,5.0876,5.7122,179.43,0.295842463,1,0.016905594
813,40650,265.56,5.5772,6.248,5.5772,6.248,265.56,0.295953492,1,0.016794565
814,40700,35.887,2.8548,3.514,2.8548,3.514,35.887,0.296064684,1,0.016683373
815,40750,208.14,-1.891,-1.314,-1.891,-1.314,208.14,0.296175936,1,0.016572121
816,40800,-136.37,-2.876,-2.378,-2.876,-2.378,-136.37,0.296287225,1,0.016460832
817,40850,165.08,1.3834,1.9572,1.3834,1.9572,165.08,0.296398521,1,0.016349536
818,40900,165.08,3.2069,3.8244,3.2069,3.8244,165.08,0.296509788,1,0.016238269
819,40950,-7.1774,4.1964,4.8345,4.1964,4.8345,-7.1774,0.296620983,1,0.016127074
820,41000,366.05,4.3924,5.0638,4.3924,5.0638,366.05,0.296732055,1,0.016016002
821,41050,136.37,3.8578,4.5325,3.8578,4.5325,136.37,0.296842945,1,0.015905112
822,41100,423.47,3.25,3.9285,3.25,3.9285,423.47,0.296953589,1,0.015794468
823,41150,-21.532,2.565,3.232,2.565,3.232,-21.532,0.297063912,1,0.015684145
824,41200,107.66,2.982,3.6464,2.982,3.6464,107.66,0.297173834,1,0.015574223
825,41250,279.92,3.3328,3.9786,3.3328,3.9786,279.92,0.297283265,1,0.015464792
826,41300,208.14,2.8477,3.4652,2.8477,3.4652,208.14,0.297392109,1,0.015355948
827,41350,179.43,2.6241,3.2422,2.6241,3.2422,179.43,0.29750026,1,0.015247797
828,41400,35.887,2.1133,2.6967,2.1133,2.6967,35.887,0.297607607,1,0.01514045
829,41450,322.98,3.7961,4.4207,3.7961,4.4207,322.98,0.297714031,1,0.015034026
830,41500,-78.951,3.2345,3.8488,3.2345,3.8488,-78.951,0.297819407,1,0.01492865
831,41550,-165.08,3.5564,4.1971,3.5564,4.1971,-165.08,0.297923782,1,0.014824275
832,41600,-50.242,3.7666,4.4046,3.7666,4.4046,-50.242,0.298026665,1,0.014721392
833,41650,480.89,2.9345,3.5577,2.9345,3.5577,480.89,0.29812809,1,0.014619967
834,41700,-7.1774,3.223,3.8424,3.223,3.8424,-7.1774,0.29822791,1,0.014520147
835,41750,409.11,2.9454,3.5821,2.9454,3.5821,409.11,0.298325979,1,0.014422078
836,41800,480.89,3.0932,3.7094,3.0932,3.7094,480.89,0.298422146,1,0.014325911
837,41850,251.21,1.6847,2.299,1.6847,2.299,251.21,0.298516262,1,0.014231795
838,41900,351.69,-1.6931,-1.1681,-1.6931,-1.1681,351.69,0.298608179,1,0.014139878
839,41950,301.45,1.2317,1.8242,1.2317,1.8242,301.45,0.298696367,1,0.01405169
840,42000,157.9,6.782,7.4502,6.782,7.4502,157.9,0.298783492,1,0.013964565
841,42050,-143.55,11.574,12.371,11.574,12.371,-143.55,0.298867993,1,0.013880064
842,42100,-14.355,7.2324,8.0825,7.2324,8.0825,-14.355,0.298949738,1,0.013798319
843,42150,215.32,4.6847,5.4892,4.6847,5.4892,215.32,0.299028606,1,0.013719451
844,42200,43.064,3.5012,4.1084,3.5012,4.1084,43.064,0.299104484,1,0.013643573
845,42250,14.355,5.9203,6.5687,5.9203,6.5687,14.355,0.299177267,1,0.01357079
846,42300,-301.45,-3.4228,-2.9409,-3.4228,-2.9409,-301.45,0.299246868,1,0.013501189
847,42350,373.22,2.3941,3.0225,2.3941,3.0225,373.22,0.299312992,1,0.013435065
848,42400,43.064,-9.4068,-9.0373,-9.4068,-9.0373,43.064,0.299376016,1,0.013372041
849,42450,-157.9,-5.2515,-4.6642,-5.2515,-4.6642,-157.9,0.299435669,1,0.013312388
850,42500,157.9,1.2035,1.7773,1.2035,1.7773,157.9,0.29949192,1,0.013256137
851,42550,229.68,-0.798,-0.2879,-0.798,-0.2879,229.68,0.299544754,1,0.013203303
852,42600,215.32,5.9293,6.6342,5.9293,6.6342,215.32,0.29959417,1,0.013153887
853,42650,488.06,1.2086,1.8017,1.2086,1.8017,488.06,0.299640186,1,0.013107871
854,42700,-229.68,10.437,11.203,10.437,11.203,-229.68,0.299682838,1,0.013065219
855,42750,186.61,8.6196,9.4729,8.6196,9.4729,186.61,0.299722175,1,0.013025882
856,42800,28.71,3.7858,4.6147,3.7858,4.6147,28.71,0.299758263,1,0.012989794
857,42850,229.68,3.5899,4.3442,3.5899,4.3442,229.68,0.299791186,1,0.012956871
858,42900,43.064,2.8207,3.4466,2.8207,3.4466,43.064,0.299821038,1,0.012927019
859,42950,0,3.5365,4.1238,3.5365,4.1238,0,0.299847932,1,0.012900125
860,43000,272.74,5.3523,5.9904,5.3523,5.9904,272.74,0.299871989,1,0.012876068
861,43050,200.97,4.5312,5.1654,4.5312,5.1654,200.97,0.299893344,1,0.012854713
862,43100,100.48,4.3975,5.042,4.3975,5.042,100.48,0.299912141,1,0.012835916
863,43150,71.774,5.9505,6.5539,5.9505,6.5539,71.774,0.299928535,1,0.012819522
864,43200,416.29,5.7931,6.3721,5.7931,6.3721,416.29,0.299942686,1,0.012805371
865,43250,43.064,4.3211,4.9051,4.3211,4.9051,43.064,0.299954789,1,0.012793268
866,43300,272.74,3.6271,4.3339,3.6271,4.3339,272.74,0.299964971,1,0.012783086
867,43350,287.1,3.6162,4.4181,3.6162,4.4181,287.1,0.299973472,1,0.012774585
868,43400,430.64,10.663,11.444,10.663,11.444,430.64,0.29998053,1,0.012767527
869,43450,473.71,0.6413,1.2831,0.6413,1.2831,473.71,0.299986405,1,0.012761652
870,43500,358.87,4.3686,5.0516,4.3686,5.0516,358.87,0.299991372,1,0.012756685
871,43550,28.71,-0.248,0.2853,-0.248,0.2853,28.71,0.29999572,1,0.012752337
872,43600,172.26,0.0745,0.6804,0.0745,0.6804,172.26,0.299999748,1,0.012748309
873,43650,186.61,3.4177,4.0139,3.4177,4.0139,186.61,0.300003721,1,0.012744336
874,43700,401.93,3.4806,4.2517,3.4806,4.2517,401.93,0.300008008,1,0.012740049
875,43750,28.71,9.7769,10.566,9.7769,10.566,28.71,0.300012876,1,0.012735181
876,43800,-229.68,2.2264,2.7854,2.2264,2.7854,-229.68,0.300018618,1,0.012729439
877,43850,-28.71,1.8775,2.4808,1.8775,2.4808,-28.71,0.300025511,1,0.012722546
878,43900,401.93,1.4001,1.9983,1.4001,1.9983,401.93,0.300033818,1,0.012714239
879,43950,57.419,-0.4247,0.1259,-0.4247,0.1259,57.419,0.300043779,1,0.012704278
880,44000,502.42,-0.8713,-0.2981,-0.8713,-0.2981,502.42,0.300055708,1,0.012692349
881,44050,401.93,-3.8739,-3.2268,-3.8739,-3.2268,401.93,0.30006961,1,0.012678447
882,44100,-100.48,-4.6198,-4.0628,-4.6198,-4.0628,-100.48,0.300085738,1,0.012662319
883,44150,-186.61,-7.2896,-6.8604,-7.2896,-6.8604,-186.61,0.300104255,1,0.012643802
884,44200,430.64,-5.9595,-5.5483,-5.9595,-5.5483,430.64,0.300125316,1,0.012622741
885,44250,301.45,-3.426,-2.9351,-3.426,-2.9351,301.45,0.300149067,1,0.01259899
886,44300,14.355,-2.84,-2.335,-2.84,-2.335,14.355,0.300175644,1,0.012572413
887,44350,186.61,-7.0917,-6.6561,-7.0917,-6.6561,186.61,0.300205171,1,0.012542886
888,44400,200.97,-8.5503,-8.175,-8.5503,-8.175,200.97,0.300237761,1,0.012510296
889,44450,-157.9,-4.1167,-3.514,-4.1167,-3.514,-157.9,0.300273511,1,0.012474546
890,44500,-28.71,-0.879,-0.2956,-0.879,-0.2956,-28.71,0.300312506,1,0.012435551
891,44550,244.03,-0.9503,-0.4459,-0.9503,-0.4459,244.03,0.300354813,1,0.012393244
892,44600,143.55,5.6235,6.3431,5.6235,6.3431,143.55,0.300400484,1,0.012347573
893,44650,-57.419,2.5567,3.1722,2.5567,3.1722,-57.419,0.300449556,1,0.012298501
894,44700,287.1,10.202,10.998,10.202,10.998,287.1,0.300502048,1,0.012246009
895,44750,172.26,5.1268,5.9126,5.1268,5.9126,172.26,0.300557961,1,0.012190096
896,44800,86.129,3.0353,3.6053,3.0353,3.6053,86.129,0.300617283,1,0.012130774
897,44850,157.9,3.4318,4.0204,3.4318,4.0204,157.9,0.300679981,1,0.012068076
898,44900,172.26,-2.7167,-2.2958,-2.7167,-2.2958,172.26,0.300746011,1,0.012002046
899,44950,258.39,1.3005,1.882,1.3005,1.882,258.39,0.300815309,1,0.011932748
900,45000,143.55,-9.3907,-9.0347,-9.3907,-9.0347,143.55,0.3008878,1,0.011860257
901,45050,-129.19,-5.3305,-4.7689,-5.3305,-4.7689,-129.19,0.300963394,1,0.011784663
902,45100,-301.45,-3.7235,-3.1163,-3.7235,-3.1163,-301.45,0.30104199,1,0.011706067
903,45150,244.03,-0.6522,-0.0623,-0.6522,-0.0623,244.03,0.301123475,1,0.011624582
904,45200,-14.355,1.6481,2.2213,1.6481,2.2213,-14.355,0.301207726,1,0.011540331
905,45250,-143.55,2.353,2.9293,2.353,2.9293,-143.55,0.301294613,1,0.011453444
906,45300,143.55,-0.1163,0.3939,-0.1163,0.3939,143.55,0.301383346,1,0.011364711
907,45350,358.87,-0.5924,-0.0688,-0.5924,-0.0688,358.87,0.301475076,1,0.011272981
908,45400,-157.9,-1.6488,-1.1514,-1.6488,-1.1514,-157.9,0.301569015,1,0.011179042
909,45450,-86.129,-2.0625,-1.5697,-2.0625,-1.5697,-86.129,0.301665016,1,0.011083041
910,45500,229.68,-5.139,-4.6847,-5.139,-4.6847,229.68,0.301762926,1,0.010985131
911,45550,545.48,-2.9839,-2.4873,-2.9839,-2.4873,545.48,0.301862597,1,0.01088546
912,45600,-43.064,-2.2418,-1.6918,-2.2418,-1.6918,-43.064,0.30196388,1,0.010784177
913,45650,143.55,2.0446,2.6865,2.0446,2.6865,143.55,0.302066628,1,0.010681429
914,45700,229.68,5.3093,5.9409,5.3093,5.9409,229.68,0.302171084,1,0.010576973
915,45750,-114.84,5.3151,5.9319,5.3151,5.9319,-114.84,0.30227633,1,0.010471727
916,45800,416.29,3.1966,3.7974,3.1966,3.7974,416.29,0.302382629,1,0.010365428
917,45850,-28.71,2.9904,3.6355,2.9904,3.6355,-28.71,0.302489856,1,0.010258201
918,45900,-186.61,3.9664,4.688,3.9664,4.688,-186.61,0.302597892,1,0.010150165
919,45950,57.419,3.4871,4.2909,3.4871,4.2909,57.419,0.302706625,1,0.010041432
920,46000,-215.32,6.0746,6.9208,6.0746,6.9208,-215.32,0.302815951,1,0.009932106
921,46050,-86.129,10.98,11.776,10.98,11.776,-86.129,0.302925775,1,0.009822282
922,46100,215.32,5.0638,5.7212,5.0638,5.7212,215.32,0.303036009,1,0.009712048
923,46150,129.19,2.2836,2.9268,2.2836,2.9268,129.19,0.303146574,1,0.009601483
924,46200,-28.71,2.0195,2.6736,2.0195,2.6736,-28.71,0.303257397,1,0.00949066
925,46250,229.68,2.5303,3.2088,2.5303,3.2088,229.68,0.303368416,1,0.009379641
926,46300,215.32,1.6141,2.263,1.6141,2.263,215.32,0.303479575,1,0.009268482
927,46350,330.16,0.9921,1.5858,0.9921,1.5858,330.16,0.303590827,1,0.00915723
928,46400,157.9,3.0668,3.701,3.0668,3.701,157.9,0.303702132,1,0.009045925
929,46450,287.1,8.2701,8.9872,8.2701,8.9872,287.1,0.303813458,1,0.008934599
930,46500,-387.58,11.098,11.906,11.098,11.906,-387.58,0.303924778,1,0.008823279
931,46550,-287.1,5.8863,6.7216,5.8863,6.7216,-287.1,0.304036075,1,0.008711982
932,46600,143.55,5.1236,5.9351,5.1236,5.9351,143.55,0.304147851,1,0.008600206
933,46650,86.129,3.5076,4.0769,3.5076,4.0769,86.129,0.304268673,1,0.008479384
934,46700,28.71,4.3648,4.9951,4.3648,4.9951,28.71,0.304386659,1,0.008361398
935,46750,344.52,-4.7805,-4.332,-4.7805,-4.332,344.52,0.304502248,1,0.008245809
936,46800,43.064,-0.9387,-0.4189,-0.9387,-0.4189,43.064,0.304615922,1,0.008132135
937,46850,215.32,-9.4762,-9.1472,-9.4762,-9.1472,215.32,0.304728138,1,0.008019919
938,46900,28.71,-4.8942,-4.2632,-4.8942,-4.2632,28.71,0.304839301,1,0.007908756
939,46950,344.52,-1.4046,-0.7967,-1.4046,-0.7967,344.52,0.304949746,1,0.007798311
940,47000,-208.14,-3.7531,-3.108,-3.7531,-3.108,-208.14,0.305057882,1,0.007690175
941,47050,-50.242,-7.6899,-7.2671,-7.6899,-7.2671,-50.242,0.305167664,1,0.007580393
942,47100,-265.56,1.2157,1.8171,1.2157,1.8171,-265.56,0.305277391,1,0.007470666
943,47150,-78.951,-3.505,-3.0058,-3.505,-3.0058,-78.951,0.30538719,1,0.007360867
944,47200,-64.597,5.646,6.2988,5.646,6.2988,-64.597,0.305497158,1,0.007250899
945,47250,-21.532,5.0253,5.7231,5.0253,5.7231,-21.532,0.305607366,1,0.007140691
946,47300,78.951,6.7563,7.6077,6.7563,7.6077,78.951,0.305717863,1,0.007030194
947,47350,93.306,10.355,11.129,10.355,11.129,93.306,0.305828686,1,0.006919371
948,47400,-35.887,2.689,3.3515,2.689,3.3515,-35.887,0.305939858,1,0.006808199
949,47450,-35.887,5.7379,6.4607,5.7379,6.4607,-35.887,0.306051393,1,0.006696664
950,47500,78.951,3.2737,3.9124,3.2737,3.9124,78.951,0.306163298,1,0.006584759
951,47550,-165.08,0.5044,1.075,0.5044,1.075,-165.08,0.306275575,1,0.006472482
952,47600,-7.1774,0.6785,1.2401,0.6785,1.2401,-7.1774,0.306388221,1,0.006359836
953,47650,93.306,-3.498,-2.8169,-3.498,-2.8169,93.306,0.306501229,1,0.006246828
954,47700,-179.43,-5.2168,-4.6533,-5.2168,-4.6533,-179.43,0.306614592,1,0.006133465
955,47750,-150.73,-10.295,-9.9099,-10.295,-9.9099,-150.73,0.306728297,1,0.00601976
956,47800,50.242,-4.6366,-4.1026,-4.6366,-4.1026,50.242,0.306842332,1,0.005905725
957,47850,64.597,2.5843,3.2011,2.5843,3.2011,64.597,0.306956683,1,0.005791374
958,47900,64.597,1.3294,1.9058,1.3294,1.9058,64.597,0.307071333,1,0.005676724
959,47950,193.79,-0.4993,0.0141,-0.4993,0.0141,193.79,0.307186268,1,0.005561789
960,48000,136.37,-0.9927,-0.5095,-0.9927,-0.5095,136.37,0.307301468,1,0.005446589
961,48050,150.73,0.4228,0.9747,0.4228,0.9747,150.73,0.307416918,1,0.005331139
962,48100,93.306,2.538,3.1427,2.538,3.1427,93.306,0.307532599,1,0.005215458
963,48150,337.34,2.0131,2.6267,2.0131,2.6267,337.34,0.307648491,1,0.005099566
964,48200,107.66,-4.2754,-3.7801,-4.2754,-3.7801,107.66,0.307764577,1,0.00498348
965,48250,122.02,-5.5612,-5.1281,-5.5612,-5.1281,122.02,0.307880837,1,0.00486722
966,48300,-64.597,-2.5836,-1.9488,-2.5836,-1.9488,-64.597,0.307997252,1,0.004750805
967,48350,294.27,1.6802,2.2746,1.6802,2.2746,294.27,0.308113802,1,0.004634255
968,48400,-107.66,-0.5494,-0.0431,-0.5494,-0.0431,-107.66,0.308230468,1,0.004517589
969,48450,208.14,5.0805,5.7751,5.0805,5.7751,208.14,0.308347231,1,0.004400826
970,48500,337.34,1.093,1.7181,1.093,1.7181,337.34,0.308464072,1,0.004283985
971,48550,-21.532,9.8456,10.631,9.8456,10.631,-21.532,0.308580971,1,0.004167086
972,48600,179.43,6.0251,6.8437,6.0251,6.8437,179.43,0.308697909,1,0.004050148
973,48650,21.532,4.5974,5.3909,4.5974,5.3909,21.532,0.308814867,1,0.00393319
974,48700,-265.56,6.1202,6.8308,6.1202,6.8308,-265.56,0.308931593,1,0.003816464
975,48750,-35.887,0.7466,1.3603,0.7466,1.3603,-35.887,0.309048536,1,0.003699521
976,48800,466.53,11.74,12.543,11.74,12.543,466.53,0.309165444,1,0.003582613
977,48850,-107.66,5.094,5.9589,5.094,5.9589,-107.66,0.309282299,1,0.003465758
978,48900,279.92,2.2688,2.9415,2.2688,2.9415,279.92,0.309399083,1,0.003348974
979,48950,322.98,5.9255,6.5462,5.9255,6.5462,322.98,0.309515779,1,0.003232278
980,49000,7.1774,-4.0345,-3.5738,-4.0345,-3.5738,7.1774,0.309632371,1,0.003115686
981,49050,-150.73,2.6954,3.3271,2.6954,3.3271,-150.73,0.309748841,1,0.002999216
982,49100,64.597,-8.0176,-7.5935,-8.0176,-7.5935,64.597,0.309865173,1,0.002882884
983,49150,122.02,-4.2189,-3.5712,-4.2189,-3.5712,122.02,0.309981353,1,0.002766704
984,49200,-179.43,1.5016,2.1037,1.5016,2.1037,-179.43,0.310097364,1,0.002650693
985,49250,93.306,-1.4001,-0.888,-1.4001,-0.888,93.306,0.310213193,1,0.002534864
986,49300,452.18,5.3433,6.0379,5.3433,6.0379,452.18,0.310328824,1,0.002419233
987,49350,150.73,0.5866,1.1617,0.5866,1.1617,150.73,0.310444246,1,0.002303811
988,49400,-64.597,9.1523,9.8848,9.1523,9.8848,-64.597,0.310559444,1,0.002188613
989,49450,595.72,6.0636,6.8681,6.0636,6.8681,595.72,0.310674406,1,0.002073651
990,49500,-208.14,4.3249,5.1339,4.3249,5.1339,-208.14,0.31078912,1,0.001958937
991,49550,265.56,3.6117,4.2568,3.6117,4.2568,265.56,0.310903576,1,0.001844481
992,49600,-193.79,4.6327,5.1956,4.6327,5.1956,-193.79,0.311017762,1,0.001730295
993,49650,93.306,5.2772,5.9525,5.2772,5.9525,93.306,0.31113167,1,0.001616387
994,49700,136.37,-1.9996,-1.4933,-1.9996,-1.4933,136.37,0.31124529,1,0.001502767
995,49750,136.37,-2.0458,-1.5376,-2.0458,-1.5376,136.37,0.311358613,1,0.001389444
996,49800,193.79,2.2759,2.894,2.2759,2.894,193.79,0.311471633,1,0.001276424
997,49850,351.69,1.4952,2.1236,1.4952,2.1236,351.69,0.311584343,1,0.001163714
998,49900,337.34,-1.2876,-0.728,-1.2876,-0.728,337.34,0.311696735,1,0
999,49950,222.5,-4.5749,-4.0557,-4.5749,-4.0557,222.5,0.311808807,1,0
1000,50000,-122.02,-5.8644,-5.3967,-5.8644,-5.3967,-122.02,0.311920552,1,0
1001,50050,165.08,-4.8133,-4.3346,-4.8133,-4.3346,165.08,0.312031968,1,0
1002,50100,165.08,-3.5198,-3.0167,-3.5198,-3.0167,165.08,0.312143052,1,0
1003,50150,150.73,-1.4097,-0.8385,-1.4097,-0.8385,150.73,0.312253803,1,0
1004,50200,-21.532,2.1981,2.7995,2.1981,2.7995,-21.532,0.31236422,1,0
1005,50250,35.887,2.5714,3.1677,2.5714,3.1677,35.887,0.312474302,1,0
1006,50300,-7.1774,-0.2673,0.2647,-0.2673,0.2647,-7.1774,0.312584052,1,0
1007,50350,-107.66,-2.9602,-2.4757,-2.9602,-2.4757,-107.66,0.312693471,1,0
