,time,force_x,force_y,force_z,vibration_x,vibration_y,vibration_z,acoustic_emission_rms,tool_wear,ACTION_CODE,RUL
0,0,0.704,-0.387,-1.084,0.018,0.031,0.027,-0.004,0.048892617,0,0.12379422
1,34,0.463,0.71,1.683,0.043,0.042,0.049,0.001,0.048892617,0,0.12379422
2,68,0.782,1.589,-1.515,-0.028,-0.021,0.038,0.051,0.049570815,0,0.123116022
3,102,1.537,1.486,2.063,-0.078,-0.1,-0.055,0.048,0.049570815,0,0.123116022
4,136,1.186,-1.923,-2.612,-0.037,-0.035,-0.028,0.027,0.049570815,0,0.123116022
5,170,3.85,9.115,2.794,0.075,0.102,0.06,0.066,0.049570815,0,0.123116022
6,204,-3.799,8.972,0.119,-0.041,0.054,-0.06,0.072,0.050302867,0,0.12238397
7,238,2.152,5.067,-2.601,-0.078,-0.027,-0.062,0.057,0.050302867,0,0.12238397
8,272,1.905,1.989,5.097,0.04,0.037,-0.043,0.053,0.050302867,0,0.12238397
9,306,3.869,8.584,-4.173,-0.111,-0.13,-0.148,0.072,0.051083652,0,0.121603185
10,340,2.962,2.693,1.738,-0.106,-0.069,-0.012,0.082,0.051083652,0,0.121603185
11,374,-0.294,4.968,7.482,0.009,0.029,0.017,0.074,0.051083652,0,0.121603185
12,408,8.353,2.875,1.23,0.132,-0.06,0.181,0.066,0.052250329,0,0.120436508
13,442,4.267,8.823,-2.597,-0.004,0.059,0.077,0.099,0.052250329,0,0.120436508
14,476,-0.62,1.671,4.045,0.041,0.075,0.053,0.084,0.052250329,0,0.120436508
15,510,3.178,-4.339,-0.01,0.003,-0.016,-0.087,0.108,0.056282766,0,0.116404071
16,544,7.394,16.859,0.905,0.093,0.008,0.136,0.082,0.056282766,0,0.116404071
17,578,1.974,-0.848,5.871,0.109,-0.034,0.019,0.087,0.056282766,0,0.116404071
18,612,0.762,3.75,0.605,0.033,0.023,0.026,0.027,0.056282766,0,0.116404071
19,646,1.101,-0.088,8.076,-0.172,-0.065,-0.198,0.102,0.059976616,0,0.112710221
20,680,6.739,2.413,0.417,0.075,0.056,-0.009,0.094,0.059976616,0,0.112710221
21,714,-0.908,9.06,-3.333,-0.064,-0.042,-0.046,0.116,0.059976616,0,0.112710221
22,748,4.256,12.655,-1.255,-0.181,-0.173,-0.136,0.143,0.063351288,0,0.109335549
23,782,-0.872,2.827,4.545,0.136,-0.035,0.079,0.109,0.063351288,0,0.109335549
24,816,3.02,0.529,4.941,-0.021,0.029,-0.056,0.082,0.063351288,0,0.109335549
25,850,4.799,3.065,-4.012,-0.056,-0.023,0.124,0.092,0.066425391,0,0.106261446
26,884,7.059,8.698,1.121,-0.022,0.039,0.097,0.105,0.066425391,0,0.106261446
27,918,-0.775,-1.849,5.104,-0.037,0.034,-0.001,0.108,0.066425391,0,0.106261446
28,952,1.678,2.597,6.224,0.048,0.071,-0.023,0.117,0.069216757,0,0.10347008
29,986,3.007,-1.314,-3.972,0.043,-0.026,0.033,0.114,0.069216757,0,0.10347008
30,1020,6.188,6.04,3.283,0,-0.031,0.056,0.12,0.069216757,0,0.10347008
31,1054,1.793,-3.312,8.794,-0.024,-0.098,-0.004,0.191,0.071742468,0,0.100944369
32,1088,3.402,3.184,-4.015,-0.024,0.019,-0.009,0.112,0.071742468,0,0.100944369
33,1122,9.6,0.743,-0.826,-0.005,-0.101,0.037,0.103,0.071742468,0,0.100944369
34,1156,1.13,0.652,0.282,-0.062,-0.058,-0.073,0.154,0.071742468,0,0.100944369
35,1190,2.732,-3.487,9.862,-0.053,0.075,-0.098,0.099,0.074018874,0,0.098667963
36,1224,2.968,9.023,-1.317,0.024,0.043,-0.018,0.107,0.074018874,0,0.098667963
37,1258,-0.113,-2.234,-0.68,0.083,0.121,0.085,0.133,0.074018874,0,0.098667963
38,1292,1.207,0.464,-3.801,-0.002,0.086,0,0.096,0.076061624,0,0.096625213
39,1326,12.297,8.763,-0.144,-0.001,0.058,0.106,0.116,0.076061624,0,0.096625213
40,1360,2.983,-6.734,5.614,0.056,0.094,-0.007,0.13,0.076061624,0,0.096625213
41,1394,3.755,1.247,2.523,-0.006,0.077,0.023,0.085,0.07788568,0,0.094801157
42,1428,12.164,0.322,0.496,-0.017,-0.007,0.044,0.128,0.07788568,0,0.094801157
43,1462,6.195,8.423,2.393,-0.102,-0.059,-0.078,0.136,0.07788568,0,0.094801157
44,1496,3.504,-0.032,8.176,0.025,-0.024,0.087,0.315,0.079505344,0,0.093181493
45,1530,2.633,-1.957,-5.578,-0.007,-0.03,-0.07,0.14,0.079505344,0,0.093181493
46,1564,13.283,17.332,2.018,0.071,0.004,0.037,0.134,0.079505344,0,0.093181493
47,1598,5.726,-0.217,6.42,-0.093,-0.036,-0.141,0.225,0.079505344,0,0.093181493
48,1632,5.001,-3.785,-3.517,-0.116,-0.128,-0.176,0.11,0.080934279,0,0.091752558
49,1666,14.259,20.457,1.882,0.087,0.091,0.143,0.118,0.080934279,0,0.091752558
50,1700,7.818,-1.751,2.86,-0.066,0.026,-0.075,0.112,0.080934279,0,0.091752558
51,1734,6.238,-1.807,9.969,-0.01,-0.183,0.109,0.123,0.082185527,0,0.09050131
52,1768,4.271,-3.595,-3.711,-0.129,-0.164,-0.173,0.147,0.082185527,0,0.09050131
53,1802,16.468,12.404,4.691,0.061,0.051,0.065,0.109,0.082185527,0,0.09050131
54,1836,8.856,2.7,5.624,0.013,-0.135,0.023,0.105,0.08327153,0,0.089415307
55,1870,10.92,1.438,-0.354,-0.13,-0.065,-0.037,0.154,0.08327153,0,0.089415307
56,1904,17.547,10.004,1.973,0.118,0.082,0.142,0.108,0.08327153,0,0.089415307
57,1938,12.508,12.864,-0.451,0.031,0.011,0.13,0.215,0.084204154,0,0.088482683
58,1972,8.002,0.223,7.002,-0.045,-0.136,-0.022,0.133,0.084204154,0,0.088482683
59,2006,9.032,-5.048,-4.627,-0.052,-0.044,-0.002,0.124,0.084204154,0,0.088482683
60,2040,18.376,11.37,5.777,-0.027,-0.108,-0.043,0.209,0.084204154,0,0.088482683
61,2074,8.799,0.673,9.427,0.087,-0.043,0.039,0.135,0.084994703,0,0.087692134
62,2108,10.515,-1.621,-2.339,-0.015,0.08,0.018,0.125,0.084994703,0,0.087692134
63,2142,17.253,7.399,2.232,0.042,-0.034,0.042,0.116,0.084994703,0,0.087692134
64,2176,0.256,-10.719,-0.598,-0.093,-0.085,-0.17,0.126,0.085653939,0,0.087032898
65,2210,3.244,12.88,1.387,0.001,0.018,-0.015,0.13,0.085653939,0,0.087032898
66,2244,3.357,0.799,-0.103,-0.015,0.06,0.007,0.116,0.085653939,0,0.087032898
67,2278,2.84,6.214,1.159,0.098,0.042,0.009,0.085,0.086192103,0,0.086494734
68,2312,-0.509,-7.974,-3.263,-0.126,-0.074,-0.198,0.111,0.086192103,0,0.086494734
69,2346,5.335,9.247,2.996,0.028,-0.053,-0.024,0.102,0.086192103,0,0.086494734
70,2380,0.915,3.167,1.354,0.122,0.077,-0.103,0.18,0.086618931,0,0.086067906
71,2414,-1.764,-5.591,-2.444,-0.022,0.011,-0.101,0.137,0.086618931,0,0.086067906
72,2448,4.934,10.47,0.692,-0.025,-0.125,-0.046,0.11,0.086618931,0,0.086067906
73,2482,3.877,0.57,3.238,-0.125,0.074,-0.124,0.194,0.086618931,0,0.086067906
74,2516,5.254,14.88,-4.802,-0.136,-0.085,-0.162,0.131,0.086943672,0,0.085743165
75,2550,0.952,-3.736,-3.967,-0.034,0.026,-0.026,0.12,0.086943672,0,0.085743165
76,2584,3.639,6.432,3.834,0.043,-0.174,-0.076,0.106,0.086943672,0,0.085743165
77,2618,1.253,11.119,-1.965,-0.065,0.045,-0.014,0.107,0.087175103,0,0.085511734
78,2652,1.897,3.321,5.634,-0.157,-0.099,-0.101,0.124,0.087175103,0,0.085511734
79,2686,4.315,3.625,-4.177,0.149,0.11,0.188,0.114,0.087175103,0,0.085511734
80,2720,-0.269,-5.862,9.958,-0.014,0.054,0.017,0.091,0.08732155,0,0.085365287
81,2754,5.414,7.118,0.264,-0.045,-0.038,0.027,0.123,0.08732155,0,0.085365287
82,2788,8.21,5.345,-1.347,-0.14,-0.078,0.01,0.093,0.08732155,0,0.085365287
83,2822,8.084,-4.092,-1.044,-0.075,0.013,0.072,0.158,0.087390901,0,0.085295936
84,2856,1.48,8.388,-0.992,0.067,-0.056,0.005,0.125,0.087390901,0,0.085295936
85,2890,1.55,2.822,10.813,0.022,-0.158,-0.068,0.123,0.087390901,0,0.085295936
86,2924,2.517,1.439,-2.977,0.072,0.074,0.082,0.028,0.087390901,0,0.085295936
87,2958,-3.972,6.313,-5.501,-0.118,-0.08,-0.156,0.098,0.087390901,0,0.085295936
88,2992,9.629,3.239,-4.09,0.103,0.006,0.078,0.117,0.087390901,0,0.085295936
89,3026,9.473,8.934,4.165,0.004,-0.087,-0.004,0.14,0.087390901,0,0.085295936
90,3060,1.677,-4.395,10.929,0.042,0.06,0.091,0.116,0.087390901,0,0.085295936
91,3094,0.892,5.935,-1.431,0.054,0.112,0.063,0.124,0.087390901,0,0.085295936
92,3128,7.985,5.421,-1.889,0.196,0.104,0.228,0.102,0.087390901,0,0.085295936
93,3162,3.448,14.293,-3.654,-0.007,0.074,0.07,0.093,0.087390901,0,0.085295936
94,3196,3.663,3.478,9.089,-0.007,0.022,0.006,0.123,0.087390901,0,0.085295936
95,3230,7.102,3.23,-4.57,0.074,0.138,0.094,0.101,0.087390901,0,0.085295936
96,3264,8.891,-6.931,-2.314,-0.045,0.008,-0.078,0.118,0.087390901,0,0.085295936
97,3298,1.764,5.129,-1.428,0.122,0.119,0.162,0.129,0.087390901,0,0.085295936
98,3332,3.886,3.637,9.734,0.084,0.091,0.037,0.091,0.087390901,0,0.085295936
99,3366,0.831,-5.13,11.063,0.143,0.043,0.128,0.171,0.087390901,0,0.085295936
100,3400,-2.037,9.662,-4.047,-0.057,0.047,-0.14,0.115,0.087390901,0,0.085295936
101,3434,9.882,0.414,-5.606,0.048,0.011,0.106,0.112,0.087390901,0,0.085295936
102,3468,8.095,10.591,4.749,-0.062,0.034,0.067,0.147,0.087390901,0,0.085295936
103,3502,5.226,-4.579,16.949,0.047,-0.008,-0.052,0.11,0.087390901,0,0.085295936
104,3536,9.966,-1.895,-0.096,0.058,-0.011,0.09,0.193,0.087390901,0,0.085295936
105,3570,1.104,-3.079,7.653,-0.114,-0.023,-0.113,0.135,0.087390901,0,0.085295936
106,3604,2.923,-0.564,11.551,0,-0.002,-0.037,0.11,0.087390901,0,0.085295936
107,3638,3.559,-1.454,-5.065,-0.028,-0.076,-0.026,0.144,0.087390901,0,0.085295936
108,3672,7.832,14.048,11.629,-0.013,-0.036,-0.054,0.11,0.087390901,0,0.085295936
109,3706,4.287,-5.293,12.689,-0.139,-0.026,-0.099,0.095,0.087390901,0,0.085295936
110,3740,9.739,-3.664,3.074,0.072,-0.041,-0.01,0.128,0.087390901,0,0.085295936
111,3774,0.507,-0.889,9.456,-0.046,0.044,-0.014,0.126,0.087390901,0,0.085295936
112,3808,-2.923,-9.115,-3.99,0.042,-0.029,-0.201,0.199,0.087390901,0,0.085295936
113,3842,3.418,11.922,5.932,-0.002,-0.052,-0.025,0.124,0.087390901,0,0.085295936
114,3876,7.171,-0.224,0.426,-0.05,-0.062,-0.017,0.133,0.087390901,0,0.085295936
115,3910,11.601,7.258,4.277,-0.044,-0.03,0.088,0.183,0.087390901,0,0.085295936
116,3944,2.447,2.877,8.154,0.005,-0.125,-0.057,0.094,0.087390901,0,0.085295936
117,3978,6.001,2.606,-1.832,-0.088,0.012,0.043,0.13,0.087390901,0,0.085295936
118,4012,10.456,10.969,5.273,0.01,0.069,0.125,0.098,0.087390901,0,0.085295936
119,4046,4.507,13.74,-4.341,-0.283,-0.179,-0.277,0.125,0.087390901,0,0.085295936
120,4080,1.924,3.723,-1.774,0.048,-0.006,0.078,0.121,0.087390901,0,0.085295936
121,4114,0.928,5.334,5.228,-0.101,-0.042,-0.123,0.082,0.087390901,0,0.085295936
122,4148,5.849,-4.273,12.626,0.051,0.01,-0.007,0.104,0.087390901,0,0.085295936
123,4182,5.876,12.139,-4.028,0.066,0.058,-0.019,0.104,0.087390901,0,0.085295936
124,4216,0.077,1.33,4.132,-0.064,-0.049,-0.047,0.094,0.087390901,0,0.085295936
125,4250,7.987,10.921,7.187,0.124,0.032,-0.068,0.139,0.087390901,0,0.085295936
126,4284,5.256,7.101,0.846,0.011,-0.029,-0.108,0.116,0.087390901,0,0.085295936
127,4318,1.845,-7.1,-4.475,0.053,0.042,0.03,0.151,0.087390901,0,0.085295936
128,4352,2.187,6.295,9.088,-0.111,-0.036,-0.071,0.175,0.087390901,0,0.085295936
129,4386,5.564,-2.903,16.526,-0.003,-0.011,-0.051,0.084,0.087390901,0,0.085295936
130,4420,6.174,5.23,-3.91,-0.038,-0.07,-0.025,0.136,0.087390901,0,0.085295936
131,4454,1.643,-4.553,2.861,-0.025,-0.057,-0.096,0.098,0.087390901,0,0.085295936
132,4488,7.069,9.134,9.287,0.066,-0.097,-0.016,0.102,0.087390901,0,0.085295936
133,4522,8.455,8.831,1.738,0.005,0.006,0.025,0.137,0.087390901,0,0.085295936
134,4556,-1.218,-3.836,1.716,-0.052,0.008,0.017,0.115,0.087390901,0,0.085295936
135,4590,2.899,4.068,-0.592,0.132,0.079,0.017,0.102,0.087390901,0,0.085295936
136,4624,3.35,-1.036,14.55,-0.061,0.042,-0.121,0.109,0.087390901,0,0.085295936
137,4658,9.833,8.727,-3.461,-0.008,-0.055,0.069,0.097,0.087390901,0,0.085295936
138,4692,1.615,-3.639,14.705,-0.134,-0.041,-0.065,0.151,0.087390901,0,0.085295936
139,4726,-3.096,-0.855,-0.744,0.008,0.059,-0.043,0.113,0.087390901,0,0.085295936
140,4760,4.664,11.666,6.132,0.175,0.029,0.071,0.118,0.087390901,0,0.085295936
141,4794,2.413,-1.509,0.224,-0.009,-0.026,0.009,0.057,0.087390901,0,0.085295936
142,4828,0.755,5.764,6.55,0.008,-0.027,-0.014,0.099,0.087395549,0,0.085291288
143,4862,6.656,4.039,-2.885,-0.032,-0.075,-0.046,0.12,0.087395549,0,0.085291288
144,4896,7.332,6.033,12.912,0.147,0.04,-0.031,0.108,0.087395549,0,0.085291288
145,4930,7.893,1.423,-0.933,-0.103,-0.186,-0.144,0.107,0.08792458,0,0.084762257
146,4964,0.293,3.632,8.378,0.106,0.01,0.056,0.114,0.08792458,0,0.084762257
147,4998,-1.92,5.874,-0.688,0.074,0.148,0.043,0.088,0.08792458,0,0.084762257
148,5032,6.763,7.035,-5.528,-0.105,-0.19,-0.103,0.096,0.088429888,0,0.084256949
149,5066,2.673,7.67,1.066,-0.002,0.002,0.084,0.122,0.088429888,0,0.084256949
150,5100,-0.397,3.207,4.513,0.009,-0.016,0.036,0.083,0.088429888,0,0.084256949
151,5134,6.334,2.651,5.665,0.088,0.091,0.16,0.122,0.088911696,0,0.083775141
152,5168,11.867,-0.367,0.299,0.064,-0.021,0.104,0.1,0.088911696,0,0.083775141
153,5202,1.565,1.195,15.954,0.077,-0.006,-0.078,0.118,0.088911696,0,0.083775141
154,5236,0.734,-3.036,14.598,0.156,0.157,0.291,0.174,0.089370263,0,0.083316574
155,5270,7.366,-2.965,-2.27,-0.167,-0.041,0.057,0.112,0.089370263,0,0.083316574
156,5304,7.964,15.498,10.447,-0.115,-0.014,-0.122,0.104,0.089370263,0,0.083316574
157,5338,7.036,5.372,3.047,-0.009,-0.019,-0.029,0.164,0.089370263,0,0.083316574
158,5372,11.375,-3.23,-1.684,0.131,0.135,0.04,0.112,0.089805882,0,0.082880955
159,5406,6.1,3.667,13.477,0.01,-0.007,-0.052,0.11,0.089805882,0,0.082880955
160,5440,6.898,5.665,0.494,0.109,0.081,0.024,0.099,0.089805882,0,0.082880955
161,5474,-2.24,2.728,10.151,-0.086,0.115,-0.055,0.121,0.09021888,0,0.082467957
162,5508,8.705,-2.243,-2.011,-0.103,0.006,0.017,0.123,0.09021888,0,0.082467957
163,5542,10.08,1.01,15.672,0.001,-0.025,-0.047,0.08,0.09021888,0,0.082467957
164,5576,9.18,0.135,-1.636,0.092,0.008,0.094,0.102,0.090609609,0,0.082077228
165,5610,1.063,10.101,3.538,-0.219,0.021,-0.019,0.112,0.090609609,0,0.082077228
166,5644,-0.487,1.244,2.929,0.029,0.039,0.071,0.084,0.090609609,0,0.082077228
167,5678,12.754,-6.289,4.011,-0.018,-0.219,-0.08,0.157,0.090978452,0,0.081708385
168,5712,2.718,2.589,9.216,0.078,-0.028,0.059,0.112,0.090978452,0,0.081708385
169,5746,-0.614,1.59,3.001,0.028,0.09,0.039,0.118,0.090978452,0,0.081708385
170,5780,5.219,6.301,3.78,0.037,0.086,0.035,0.177,0.090978452,0,0.081708385
171,5814,9.568,20.001,8.173,0.063,0.108,-0.016,0.102,0.091325818,0,0.081361019
172,5848,7.061,8.53,1.99,-0.043,-0.089,-0.101,0.119,0.091325818,0,0.081361019
173,5882,0.476,-1.513,0.078,0.007,0.096,0.078,0.12,0.091325818,0,0.081361019
174,5916,8.566,6.137,-3.58,-0.149,-0.048,0.001,0.096,0.091652136,0,0.081034701
175,5950,9.94,15.154,5.967,0.171,0.232,0.371,0.112,0.091652136,0,0.081034701
176,5984,1.178,3.293,6.519,-0.201,-0.049,-0.257,0.109,0.091652136,0,0.081034701
177,6018,11.424,5.68,0.219,-0.139,-0.054,0.001,0.079,0.09195786,0,0.080728977
178,6052,10.061,5.663,1.146,-0.001,-0.028,0.013,0.096,0.09195786,0,0.080728977
179,6086,0.949,4.308,12.185,-0.031,-0.032,-0.182,0.093,0.09195786,0,0.080728977
180,6120,2.371,-6.292,16.062,-0.048,0.053,0.235,0.198,0.092243463,0,0.080443374
181,6154,-0.481,10.191,-2.356,-0.052,0.054,-0.086,0.102,0.092243463,0,0.080443374
182,6188,4.469,9.412,1.92,0.014,0.03,0.031,0.099,0.092243463,0,0.080443374
183,6222,6.43,2.987,8.127,-0.064,0.03,-0.064,0.166,0.092243463,0,0.080443374
184,6256,-1.254,1.396,3.458,-0.183,-0.024,-0.064,0.126,0.092509436,0,0.080177401
185,6290,1.049,6.579,13.253,0.061,-0.013,0.031,0.102,0.092509436,0,0.080177401
186,6324,7.644,3.78,-2.659,-0.072,-0.05,-0.059,0.103,0.092509436,0,0.080177401
187,6358,-2.128,1.617,7.394,0.081,0.062,-0.133,0.137,0.092756286,0,0.079930551
188,6392,3.062,-8.165,-0.646,0.061,-0.02,-0.042,0.113,0.092756286,0,0.079930551
189,6426,4.082,7.589,12.664,-0.069,-0.073,-0.067,0.087,0.092756286,0,0.079930551
190,6460,8.664,1.131,-5.878,0.119,0.078,0.127,0.091,0.092984535,0,0.079702302
191,6494,9.32,19.209,11.203,-0.204,-0.005,-0.131,0.1,0.092984535,0,0.079702302
192,6528,6.526,4.367,0.123,-0.076,-0.041,-0.071,0.101,0.092984535,0,0.079702302
193,6562,6.36,4.492,-5.963,-0.006,0.038,0.123,0.123,0.093194718,0,0.079492119
194,6596,10.435,25.448,5.453,-0.108,-0.187,-0.088,0.106,0.093194718,0,0.079492119
195,6630,5.995,4.781,2.456,-0.069,-0.05,-0.071,0.11,0.093194718,0,0.079492119
196,6664,-4.421,-2.054,1.799,0.088,0.116,0.024,0.072,0.093194718,0,0.079492119
197,6698,7.872,-1.547,0.351,0.137,0.033,0.084,0.091,0.093387384,0,0.079299453
198,6732,9.877,-2.406,17.656,0.032,-0.05,-0.042,0.097,0.093387384,0,0.079299453
199,6766,9.495,11.48,-4.258,-0.032,-0.039,0.017,0.124,0.093387384,0,0.079299453
200,6800,1.646,15.384,1.149,-0.027,-0.047,-0.036,0.124,0.09356309,0,0.079123747
201,6834,1.843,5.826,6.786,-0.005,-0.029,0.044,0.122,0.09356309,0,0.079123747
202,6868,5.395,5.008,1.034,-0.042,-0.041,0.078,0.085,0.09356309,0,0.079123747
203,6902,3.979,19.992,1.891,0.021,0.129,0.22,0.096,0.093722403,0,0.078964434
204,6936,0.093,4.536,6.99,-0.005,0.019,0.008,0.123,0.093722403,0,0.078964434
205,6970,3.911,8.511,1.924,0.009,-0.037,0.038,0.087,0.093722403,0,0.078964434
206,7004,3.108,-1.58,14.157,0.084,0.046,0.036,0.123,0.093865896,0,0.078820941
207,7038,12.19,-2.721,-2.99,-0.004,0.027,-0.016,0.086,0.093865896,0,0.078820941
208,7072,10.185,1.895,18.287,0.149,0.068,0.09,0.123,0.093865896,0,0.078820941
209,7106,0.395,0.927,-0.341,0.013,-0.012,0.004,-0.005,0.093994151,0,0.078692686
210,7140,-0.372,9.481,-0.385,-0.054,-0.133,-0.075,0.089,0.093994151,0,0.078692686
211,7174,1.956,3.434,8.584,-0.095,-0.025,-0.13,0.082,0.093994151,0,0.078692686
212,7208,9.933,3.479,-6.108,-0.038,0.023,0.018,0.168,0.093994151,0,0.078692686
213,7242,4.053,-4.333,17.677,0.092,-0.022,0.026,0.119,0.094107753,0,0.078579084
214,7276,-2.513,1.757,-5.217,-0.098,0.011,-0.036,0.101,0.094107753,0,0.078579084
215,7310,6.279,6.054,2.635,0.022,-0.086,0.077,0.108,0.094107753,0,0.078579084
216,7344,7.336,15.356,-9.207,0.034,0.084,-0.05,0.102,0.094207293,0,0.078479544
217,7378,-1.027,4.661,-1.624,-0.096,-0.046,0.04,0.11,0.094207293,0,0.078479544
218,7412,2.968,8.125,6.49,-0.047,0.012,-0.046,0.078,0.094207293,0,0.078479544
219,7446,7.518,4.019,4.747,0.072,0.08,0.041,0.085,0.094293363,0,0.078393474
220,7480,8.657,-3.538,-1.942,0.072,-0.053,0.126,0.078,0.094293363,0,0.078393474
221,7514,4.391,3.568,14.895,-0.05,-0.022,-0.082,0.086,0.094293363,0,0.078393474
222,7548,2.158,8.665,-2.307,0.053,-0.002,-0.07,0.184,0.094366558,0,0.078320279
223,7582,7.863,-2.174,18.981,0.105,0.085,-0.103,0.079,0.094366558,0,0.078320279
224,7616,9.052,5.185,-7.88,-0.164,-0.222,-0.118,0.116,0.094366558,0,0.078320279
225,7650,0.912,-3.074,4.996,0.021,-0.036,0.04,0.153,0.094366558,0,0.078320279
226,7684,11.579,-0.586,-6.491,0.015,-0.076,-0.067,0.12,0.094427473,0,0.078259364
227,7718,9.4,8.527,13.197,-0.079,-0.183,-0.109,0.092,0.094427473,0,0.078259364
228,7752,4.345,5.852,-1.21,0.037,0.034,-0.045,0.105,0.094427473,0,0.078259364
229,7786,1.465,-0.013,-6.088,-0.016,0.064,0.065,0.11,0.094476703,0,0.078210134
230,7820,6.881,13.743,6.978,-0.091,-0.16,-0.187,0.104,0.094476703,0,0.078210134
231,7854,8.771,-0.037,-2.613,0.063,0.132,0.143,0.084,0.094476703,0,0.078210134
232,7888,8.937,-5.454,16.448,0,-0.098,-0.043,0.101,0.094514843,0,0.078171994
233,7922,5.838,11.261,-7.23,-0.121,-0.126,-0.229,0.093,0.094514843,0,0.078171994
234,7956,1.954,2.848,5.521,-0.039,-0.042,-0.017,0.087,0.094514843,0,0.078171994
235,7990,9.192,16.297,-5.299,-0.015,-0.061,-0.063,0.178,0.094542484,0,0.078144353
236,8024,-2.746,-4.105,-0.296,-0.111,-0.089,-0.025,0.084,0.094542484,0,0.078144353
237,8058,3.25,3.067,10.794,0.023,-0.142,-0.026,0.082,0.094542484,0,0.078144353
238,8092,9.997,3.929,-3.906,-0.136,0.028,0.102,0.235,0.094542484,0,0.078144353
239,8126,7.389,-1.019,17.515,0.159,0.132,0.081,0.097,0.094560216,0,0.078126621
240,8160,9.542,3.247,-4.63,-0.084,-0.101,-0.027,0.11,0.094560216,0,0.078126621
241,8194,3.669,3.701,10.651,-0.02,0.056,0.026,0.138,0.094560216,0,0.078126621
242,8228,2.027,4.568,0.817,0.14,0.011,-0.052,0.103,0.094568624,0,0.078118213
243,8262,8.385,2.31,14.686,0.021,0.003,0,0.087,0.094568624,0,0.078118213
244,8296,11.476,7.9,-7.013,0.045,0.01,0.096,0.113,0.094568624,0,0.078118213
245,8330,2.843,-17.507,2.147,0.062,0,-0.056,0.097,0.094568624,0,0.078118213
246,8364,8.801,2.911,15.03,0.075,-0.017,0.092,0.081,0.094568624,0,0.078118213
247,8398,11.364,3.784,-9.016,-0.057,0.014,0.027,0.093,0.094568624,0,0.078118213
248,8432,0.601,-2.864,15.893,-0.075,0.082,-0.082,0.164,0.094568624,0,0.078118213
249,8466,0.878,-6.171,-2.105,-0.148,-0.013,-0.08,0.096,0.094568624,0,0.078118213
250,8500,8.771,9.633,12.367,0.054,-0.098,-0.097,0.085,0.094568624,0,0.078118213
251,8534,8.384,0.432,0.736,0.009,-0.013,0.122,0.193,0.094568624,0,0.078118213
252,8568,6.398,15.528,-6.652,-0.1,-0.001,-0.04,0.107,0.094568624,0,0.078118213
253,8602,-1.866,2.991,1.196,0.005,0.009,0.067,0.097,0.094568624,0,0.078118213
254,8636,1.848,6.461,7.034,-0.254,-0.132,-0.28,0.158,0.094568624,0,0.078118213
255,8670,1.096,6.971,4.977,0.024,0.004,-0.07,0.119,0.094568624,0,0.078118213
256,8704,1.62,-4.488,-3.597,0.02,0.09,0.139,0.111,0.094568624,0,0.078118213
257,8738,8.919,10.189,13.616,0.066,0,-0.058,0.098,0.094568624,0,0.078118213
258,8772,10.048,6.837,-7.998,-0.015,0.099,-0.029,0.084,0.094568624,0,0.078118213
259,8806,8.87,21.23,7.871,0.156,-0.02,0.004,0.101,0.094568624,0,0.078118213
260,8840,4.679,1.239,-0.963,-0.031,0.003,-0.053,0.096,0.094568624,0,0.078118213
261,8874,1.085,2.909,3.608,-0.009,-0.01,0.167,0.133,0.094568624,0,0.078118213
262,8908,4.199,2.651,-0.61,0.217,0.002,-0.041,0.105,0.094568624,0,0.078118213
263,8942,8.199,1.93,12.758,-0.035,0.095,-0.036,0.085,0.094568624,0,0.078118213
264,8976,-0.052,3.395,0.272,0.034,0.018,0.028,-0.004,0.094568624,0,0.078118213
265,9010,7.594,2.828,17.839,0.053,-0.112,-0.153,0.087,0.094568624,0,0.078118213
266,9044,10.931,1.464,-6.03,0.015,0.048,0.098,0.106,0.094568624,0,0.078118213
267,9078,9.244,7.379,16.285,-0.025,-0.006,-0.184,0.124,0.094568624,0,0.078118213
268,9112,4.939,10.803,-0.143,0.103,0.14,0.058,0.108,0.094568624,0,0.078118213
269,9146,-2.474,-0.356,-2.229,-0.036,0.018,0.045,0.112,0.094568624,0,0.078118213
270,9180,1.336,3.904,5.787,0.058,0.105,-0.065,0.089,0.094568624,0,0.078118213
271,9214,12.317,15.526,12.025,-0.006,0.003,0.005,0.094,0.094568624,0,0.078118213
272,9248,6.608,11.558,-3.02,-0.129,-0.035,-0.065,0.117,0.094568624,0,0.078118213
273,9282,-0.578,2.93,7.078,0.039,-0.018,0.034,0.094,0.094568624,0,0.078118213
274,9316,10.404,1.403,18.209,0.213,-0.146,-0.108,0.098,0.094568624,0,0.078118213
275,9350,10.904,5.527,-6.76,-0.055,0,0.058,0.072,0.094568624,0,0.078118213
276,9384,9.918,13.879,15.373,-0.012,0.07,-0.105,0.099,0.094568624,0,0.078118213
277,9418,-3.682,-7.338,-0.438,-0.062,-0.144,-0.148,0.204,0.094568624,0,0.078118213
278,9452,3.682,4.433,16.62,-0.005,-0.049,-0.059,0.096,0.094568624,0,0.078118213
279,9486,11.8,3.057,-5.647,0.039,0.054,0.143,0.096,0.094568624,0,0.078118213
280,9520,17.235,4.783,19.643,0.073,-0.005,-0.129,0.188,0.094568624,0,0.078118213
281,9554,-1.607,2.871,8.327,0.016,0.036,-0.201,0.11,0.094568624,0,0.078118213
282,9588,-1.2,-3.244,-7.127,0.04,-0.087,-0.092,0.09,0.094568624,0,0.078118213
283,9622,3.255,8.251,8.423,-0.198,-0.053,-0.131,0.103,0.094568624,0,0.078118213
284,9656,7.628,16.323,-9.278,0.015,0.046,-0.106,0.124,0.094568624,0,0.078118213
285,9690,4.212,12.589,9.811,-0.015,-0.051,-0.08,0.139,0.094568624,0,0.078118213
286,9724,1.094,2.966,-3.649,-0.052,0.09,0.02,0.102,0.094568624,0,0.078118213
287,9758,12.699,-2.077,-5.056,0.05,0.124,0.2,0.097,0.094568624,0,0.078118213
288,9792,14.124,2.033,20.539,-0.075,-0.152,-0.129,0.089,0.094568624,0,0.078118213
289,9826,10.545,8.292,-10.219,-0.069,-0.004,-0.01,0.087,0.094568624,0,0.078118213
290,9860,2.401,4.744,5.743,-0.101,-0.029,0.039,0.151,0.094568624,0,0.078118213
291,9894,2.341,5.686,-0.214,0.102,0.053,0.011,0.081,0.094568624,0,0.078118213
292,9928,6.53,1.389,12.962,-0.122,0.028,-0.122,0.113,0.094568624,0,0.078118213
293,9962,6.988,8.958,-3.209,-0.001,-0.025,0.245,0.21,0.094568624,0,0.078118213
294,9996,-3.638,-8.91,-1.253,0.072,-0.044,-0.001,0.114,0.094568624,0,0.078118213
295,10030,7.193,5.38,17.128,0.003,0.032,-0.013,0.081,0.094568624,0,0.078118213
296,10064,10.281,6.799,-2.934,-0.031,-0.093,0.049,0.094,0.094568624,0,0.078118213
297,10098,4.294,4.306,-0.289,0.202,0.045,0.086,0.116,0.094568624,0,0.078118213
298,10132,1.983,3.743,14.789,-0.138,0.012,-0.224,0.095,0.094568624,0,0.078118213
299,10166,2.071,1.686,-3.077,-0.096,-0.015,0.021,0.102,0.094568624,0,0.078118213
300,10200,7.237,6.588,5.908,0.002,0.04,-0.034,0.091,0.094568624,0,0.078118213
301,10234,4.332,0.708,0.31,0.043,-0.051,0.025,0.087,0.094568624,0,0.078118213
302,10268,2.984,6.369,11.897,-0.017,-0.041,-0.095,0.085,0.094568624,0,0.078118213
303,10302,8.393,0.159,22.64,0.124,0.012,0.137,0.14,0.094568624,0,0.078118213
304,10336,12.977,0.591,-3.487,-0.078,0.024,0.052,0.076,0.094568624,0,0.078118213
305,10370,18.466,2.859,20.824,-0.019,-0.093,-0.038,0.099,0.094568624,0,0.078118213
306,10404,15.987,10.877,-4.863,0.011,0.069,0.213,0.249,0.094568624,0,0.078118213
307,10438,6.71,6.451,20.107,-0.019,0.053,0.17,0.1,0.094568624,0,0.078118213
308,10472,13.299,3.843,-6.298,0.03,-0.016,-0.04,0.095,0.094568624,0,0.078118213
309,10506,18.616,8.505,20.542,0.023,0.027,-0.148,0.14,0.094568624,0,0.078118213
310,10540,2.923,20.644,0.787,-0.132,-0.013,0.042,0.122,0.094568624,0,0.078118213
311,10574,5.819,4.573,13.408,-0.072,0.032,-0.007,0.099,0.094568624,0,0.078118213
312,10608,15.834,9.291,-8.176,-0.129,-0.119,-0.004,0.116,0.094568624,0,0.078118213
313,10642,9.37,26.507,1.531,-0.02,-0.172,0.063,0.102,0.094568624,0,0.078118213
314,10676,6.113,2.429,16.547,0.004,0.016,0.178,0.092,0.094568624,0,0.078118213
315,10710,4.464,-1.057,-5.767,0.044,0.203,0.091,0.079,0.094568624,0,0.078118213
316,10744,11.62,-9.628,23.062,0.074,0.075,-0.103,0.156,0.094568624,0,0.078118213
317,10778,-0.217,5.595,2.603,0.149,0.147,0.117,0.109,0.094568624,0,0.078118213
318,10812,7.731,-4.877,-5.681,-0.073,0.052,-0.051,0.096,0.094568624,0,0.078118213
319,10846,9.408,2.722,9.05,0.148,0.028,-0.023,0.265,0.094568624,0,0.078118213
320,10880,6.552,4.196,17.841,0.085,0.123,0.102,0.102,0.094568624,0,0.078118213
321,10914,4.591,2.573,2.954,-0.066,-0.032,0.001,0.086,0.094568624,0,0.078118213
322,10948,10.624,6.966,-5.971,-0.001,-0.069,0.115,0.136,0.094568624,0,0.078118213
323,10982,0.196,4.656,0.02,-0.046,0.01,0.079,0.104,0.094568624,0,0.078118213
324,11016,7.192,2.805,15.773,-0.02,0.034,0.08,0.106,0.094568624,0,0.078118213
325,11050,1.33,-0.255,3.933,-0.127,-0.201,-0.015,0.079,0.094568624,0,0.078118213
326,11084,3.399,7.811,-8.243,-0.063,-0.018,-0.155,0.102,0.094568624,0,0.078118213
327,11118,-4.502,-2.826,-3.023,0.007,0.051,0.019,0.091,0.094568624,0,0.078118213
328,11152,18.054,8.888,21.058,0.029,-0.084,-0.001,0.082,0.094568624,0,0.078118213
329,11186,14.343,13.305,-6.46,0.228,0.11,0.006,0.136,0.094568624,0,0.078118213
330,11220,7.585,-9.186,-1.448,-0.013,-0.086,0.01,0.104,0.094568624,0,0.078118213
331,11254,2.037,10.773,7.499,0.138,-0.001,0.11,0.096,0.094568624,0,0.078118213
332,11288,-0.865,1.98,1.615,0.097,0.094,0.071,-0.004,0.094568624,0,0.078118213
333,11322,6.317,3.374,19.687,-0.084,-0.116,0.058,0.117,0.094568624,0,0.078118213
334,11356,4.758,0.861,0.895,-0.121,-0.027,-0.003,0.096,0.094568624,0,0.078118213
335,11390,10.484,6.448,-6.463,-0.069,-0.087,0.17,0.13,0.094568624,0,0.078118213
336,11424,10.258,2.402,17.739,0.101,0.034,0.081,0.106,0.094568624,0,0.078118213
337,11458,2.731,-0.228,4.901,0.132,-0.038,0.004,0.103,0.094568624,0,0.078118213
338,11492,18.082,9.49,-5.995,-0.123,-0.113,0.101,0.094,0.094568624,0,0.078118213
339,11526,3.797,-1.798,20.232,-0.084,0.001,0.091,0.099,0.094568624,0,0.078118213
340,11560,5.229,3.878,-3.115,0.01,0.145,0.089,0.101,0.094568624,0,0.078118213
341,11594,7.604,7.786,-2.382,0.061,-0.175,0.124,0.101,0.094568624,0,0.078118213
342,11628,3.777,1.126,-8.638,-0.024,0.051,-0.007,0.129,0.094568624,0,0.078118213
343,11662,-4.933,-1.918,-4.026,0.076,-0.006,0.024,0.11,0.094568624,0,0.078118213
344,11696,18.542,6.845,24.962,0.054,-0.055,-0.056,0.095,0.094568624,0,0.078118213
345,11730,0.309,22.417,0.535,0.022,0.077,0.14,0.243,0.094568624,0,0.078118213
346,11764,10.464,4.208,19.771,-0.133,-0.152,-0.043,0.115,0.094568624,0,0.078118213
347,11798,4.056,-2.418,2.456,0.017,0.025,0.064,0.096,0.094568624,0,0.078118213
348,11832,14.638,9.946,-7.592,0.176,0.139,0.306,0.153,0.094568624,0,0.078118213
349,11866,-3.983,2.185,9.552,-0.027,-0.124,-0.218,0.106,0.094568624,0,0.078118213
350,11900,8.331,-1.676,-6.419,0.045,0.053,0.002,0.101,0.094568624,0,0.078118213
351,11934,5.775,6.705,3.491,-0.035,-0.036,0.103,0.083,0.094568624,0,0.078118213
352,11968,-5.779,-9.183,-4.112,0.141,-0.083,-0.278,0.112,0.094568624,0,0.078118213
353,12002,17.058,12.023,19.039,-0.046,-0.001,-0.044,0.091,0.094568624,0,0.078118213
354,12036,3.346,2.608,4.669,0.069,0.182,0.038,0.116,0.094568624,0,0.078118213
355,12070,1.999,25.863,-0.154,-0.022,0.139,0.093,0.104,0.094568624,0,0.078118213
356,12104,13.591,5.607,21.487,0.019,-0.028,-0.084,0.093,0.094568624,0,0.078118213
357,12138,14.572,4.725,-5.239,-0.027,-0.025,-0.025,0.089,0.094568624,0,0.078118213
358,12172,-5.938,-0.264,-1.556,0.279,0.046,-0.068,0.2,0.094568624,0,0.078118213
359,12206,18.117,3.771,23.042,0.055,-0.083,-0.102,0.092,0.094568624,0,0.078118213
360,12240,4.25,-1.543,6.749,0.019,0.051,0.036,0.099,0.094568624,0,0.078118213
361,12274,11.844,9.009,-8,0.002,-0.155,0.092,0.165,0.094568624,0,0.078118213
362,12308,12.599,3.436,20.417,0.128,-0.095,0.217,0.074,0.094568624,0,0.078118213
363,12342,3.703,2.292,5.257,0.025,0.04,0.088,0.1,0.094568624,0,0.078118213
364,12376,16.973,12.418,-5.96,-0.118,-0.105,-0.012,0.108,0.094568624,0,0.078118213
365,12410,5.677,-3.481,16.84,-0.035,-0.063,-0.149,0.114,0.094568624,0,0.078118213
366,12444,16.552,9.346,-7.758,-0.017,0.087,0.042,0.109,0.094568624,0,0.078118213
367,12478,-1.876,0.468,-2.346,0.215,0.078,0.238,0.108,0.094568624,0,0.078118213
368,12512,-6.511,11.018,-0.826,-0.05,-0.055,-0.196,0.102,0.094568624,0,0.078118213
369,12546,20.601,-0.154,25.679,0.227,0.005,0.07,0.102,0.094568624,0,0.078118213
370,12580,6.251,-2.546,-1.844,0.032,0.005,-0.011,0.106,0.094568624,0,0.078118213
371,12614,3.688,-12.897,-0.914,-0.119,-0.126,-0.172,0.144,0.094568624,0,0.078118213
372,12648,9.298,21.913,6.123,0.057,-0.059,-0.005,0.106,0.094568624,0,0.078118213
373,12682,11.573,6.463,22.108,-0.008,-0.04,-0.093,0.08,0.094568624,0,0.078118213
374,12716,3.776,5.09,2.082,-0.154,-0.132,-0.014,0.269,0.094568624,0,0.078118213
375,12750,7.71,5.446,-7.962,-0.125,-0.038,-0.077,0.114,0.094568624,0,0.078118213
376,12784,3.111,4.981,-3.135,-0.079,-0.077,0.034,0.113,0.094568624,0,0.078118213
377,12818,16.006,4.098,25.258,0.007,-0.005,-0.058,0.118,0.094568624,0,0.078118213
378,12852,4.057,1.061,-2.057,0.073,-0.054,0.044,0.113,0.094568624,0,0.078118213
379,12886,14.976,4.988,17.773,0.047,-0.189,-0.02,0.107,0.094568624,0,0.078118213
380,12920,-6.226,5.123,8.811,0.008,-0.031,-0.186,0.098,0.094568624,0,0.078118213
381,12954,7.594,-9.015,-5.079,0.067,0.025,-0.226,0.084,0.094568624,0,0.078118213
382,12988,7.749,20.425,4.716,0.111,0.025,0.125,0.1,0.094568624,0,0.078118213
383,13022,17.728,10.458,22.061,0.021,0.151,-0.061,0.102,0.094568624,0,0.078118213
384,13056,17.225,-0.959,28.858,-0.044,0.138,0.126,0.138,0.094581625,0,0.078105212
385,13090,12.279,9.46,-0.841,-0.017,-0.02,-0.06,0.113,0.094581625,0,0.078105212
386,13124,8.24,2.117,-10.076,-0.043,-0.132,0.018,0.091,0.094581625,0,0.078105212
387,13158,1.195,0.518,1.358,-0.033,-0.031,-0.04,-0.005,0.094889722,0,0.077797115
388,13192,9.015,-3.999,-2.319,0.05,-0.095,0.12,0.122,0.094889722,0,0.077797115
389,13226,7.939,13.444,13.867,0.11,0.166,0.127,0.118,0.094889722,0,0.077797115
390,13260,3.697,8.655,12.848,0.063,0.052,-0.058,0.159,0.094889722,0,0.077797115
391,13294,0.76,0.603,8.598,0.099,0.142,0.002,0.078,0.095191104,0,0.077495733
392,13328,11.23,2.497,-8.767,-0.057,-0.019,-0.034,0.121,0.095191104,0,0.077495733
393,13362,-6.567,-1.056,3.95,-0.138,-0.082,-0.13,0.101,0.095191104,0,0.077495733
394,13396,8.878,32.435,5.026,-0.019,-0.122,-0.091,0.1,0.095485693,0,0.077201144
395,13430,13.545,0.876,24.582,-0.021,0.009,-0.305,0.101,0.095485693,0,0.077201144
396,13464,3.415,3.514,-0.429,-0.047,-0.012,-0.114,0.107,0.095485693,0,0.077201144
397,13498,16.964,-4.12,-3.788,-0.04,-0.08,-0.047,0.105,0.095773435,0,0.076913402
398,13532,0.45,10.96,5.602,-0.133,-0.04,-0.009,0.121,0.095773435,0,0.076913402
399,13566,10.861,13.015,22.49,-0.062,-0.077,-0.169,0.079,0.095773435,0,0.076913402
400,13600,-1.204,9.009,0.995,0.163,-0.094,-0.004,0.207,0.09605429,0,0.076632547
401,13634,18.175,0.212,24.187,-0.198,0.236,0.181,0.112,0.09605429,0,0.076632547
402,13668,-3.768,1.774,8.216,0.079,0.118,0.121,0.128,0.09605429,0,0.076632547
403,13702,14.998,5.759,-4.568,0.219,0.203,0.205,0.185,0.09605429,0,0.076632547
404,13736,1.741,-0.327,17.4,0.005,0.067,-0.163,0.088,0.096328243,0,0.076358594
405,13770,9.709,7.325,-7.431,0.019,0.08,0.034,0.128,0.096328243,0,0.076358594
406,13804,-6.159,-0.583,-1.225,0.021,0.104,0.234,0.091,0.096328243,0,0.076358594
407,13838,17.668,14.191,18.46,0.085,-0.054,-0.009,0.104,0.096595291,0,0.076091546
408,13872,-2.181,4.565,12.506,0.024,0.037,-0.12,0.114,0.096595291,0,0.076091546
409,13906,14.045,4.902,-5.914,-0.137,0.013,-0.068,0.095,0.096595291,0,0.076091546
410,13940,10.736,-9.021,0.032,0.229,-0.151,0.03,0.09,0.096855455,0,0.075831382
411,13974,7.801,18.694,14.592,0.066,0.022,0.059,0.114,0.096855455,0,0.075831382
412,14008,4.156,11.445,17.616,-0.049,0.054,-0.19,0.093,0.096855455,0,0.075831382
413,14042,16.836,5.371,18.607,0.127,-0.15,-0.026,0.198,0.097108769,0,0.075578068
414,14076,-1.483,1.153,7.615,0.011,0.075,0.004,0.1,0.097108769,0,0.075578068
415,14110,11.754,4.911,-10.708,-0.008,0.052,-0.001,0.113,0.097108769,0,0.075578068
416,14144,-5.178,-3.286,0.904,-0.001,0.053,0.121,0.271,0.097108769,0,0.075578068
417,14178,16.759,-4.948,21.913,0.107,-0.096,0.199,0.102,0.097355285,0,0.075331552
418,14212,0.403,2.993,2.615,-0.081,-0.14,-0.147,0.149,0.097355285,0,0.075331552
419,14246,13.172,4.351,-9.245,-0.059,0.048,0.111,0.098,0.097355285,0,0.075331552
420,14280,11.318,14.714,-6.193,-0.058,-0.045,-0.147,0.101,0.097595074,0,0.075091763
421,14314,3.942,-5.516,-8.508,-0.039,0.042,0.06,0.114,0.097595074,0,0.075091763
422,14348,6.626,3.948,10.737,0.065,0.039,-0.073,0.114,0.097595074,0,0.075091763
423,14382,8.065,-2.283,21.485,-0.059,0.025,0.047,0.092,0.097828221,0,0.074858616
424,14416,5.912,9.036,-7.462,0.102,0.18,0.031,0.101,0.097828221,0,0.074858616
425,14450,-2.68,0.219,-9.534,-0.067,-0.154,-0.053,0.098,0.097828221,0,0.074858616
426,14484,15.075,-3.077,-9.02,0.073,0.062,0.019,0.177,0.098054826,0,0.074632011
427,14518,-5.173,5.159,0.288,0.005,-0.073,-0.008,0.113,0.098054826,0,0.074632011
428,14552,17.548,10.402,19.522,0.01,0.092,0.092,0.101,0.098054826,0,0.074632011
429,14586,1.715,-1.421,3.545,-0.08,-0.146,-0.109,0.212,0.098054826,0,0.074632011
430,14620,8.245,12.344,-10.069,-0.007,0.019,-0.066,0.106,0.098275005,0,0.074411832
431,14654,-6.851,-1.215,-5.189,0.077,-0.013,0.12,0.154,0.098275005,0,0.074411832
432,14688,24.423,16.001,21.77,-0.066,0.144,-0.042,0.112,0.098275005,0,0.074411832
433,14722,2.214,-10.643,-2.655,0.228,0.157,0.194,0.104,0.098488888,0,0.074197949
434,14756,2.945,11.995,4.071,0.023,-0.082,-0.015,0.135,0.098488888,0,0.074197949
435,14790,21.15,11.344,21.326,0.017,0.069,0.06,0.113,0.098488888,0,0.074197949
436,14824,-3.867,0.526,10.786,-0.057,0.033,-0.102,0.081,0.09869662,0,0.073990217
437,14858,12.944,7.006,-8.019,-0.046,0.149,0.078,0.098,0.09869662,0,0.073990217
438,14892,4.415,4.357,-10.353,0.092,-0.013,0.168,0.107,0.09869662,0,0.073990217
439,14926,8.591,-10.009,-5.355,0.135,0.059,-0.086,0.171,0.098898359,0,0.073788478
440,14960,-7.567,-0.853,-2.942,0.08,-0.035,-0.006,0.146,0.098898359,0,0.073788478
441,14994,17.17,13.614,21.198,-0.005,0.054,0.031,0.085,0.098898359,0,0.073788478
442,15028,-3.739,0.112,-0.339,0.01,0.012,0.124,0.162,0.098898359,0,0.073788478
443,15062,8.575,22.567,7.883,-0.134,0.009,0.032,0.101,0.099094273,0,0.073592564
444,15096,13.491,13.032,19.828,0.138,0.117,-0.033,0.138,0.099094273,0,0.073592564
445,15130,1.404,-2.328,4.46,-0.045,-0.09,-0.101,0.171,0.099094273,0,0.073592564
446,15164,12.139,0.52,25.651,-0.083,-0.031,-0.154,0.111,0.099284548,0,0.073402289
447,15198,5.387,3.836,3.731,-0.006,0.018,0.087,0.115,0.099284548,0,0.073402289
448,15232,22.394,10.559,-9.288,-0.057,-0.07,-0.087,0.117,0.099284548,0,0.073402289
449,15266,13.421,12.345,-11.972,-0.247,0.042,-0.023,0.098,0.099469375,0,0.073217462
450,15300,6.911,-4.35,-7.779,0.109,0.085,0.236,0.113,0.099469375,0,0.073217462
451,15334,-3.141,1.669,8.042,0.106,0.026,0.164,0.121,0.099469375,0,0.073217462
452,15368,-5.529,9.535,0.009,0.163,-0.07,-0.072,0.119,0.099648961,0,0.073037876
453,15402,14.685,16.052,15.438,-0.045,-0.052,-0.104,0.125,0.099648961,0,0.073037876
454,15436,9.314,11.809,20.293,-0.045,0.07,-0.15,0.104,0.099648961,0,0.073037876
455,15470,18.805,-6.006,33.599,0.015,0.038,-0.146,0.208,0.099823522,0,0.072863315
456,15504,3.244,6.408,2.959,-0.104,0.058,0.008,0.128,0.099823522,0,0.072863315
457,15538,13.036,6.512,-10.37,-0.05,0.116,-0.021,0.134,0.099823522,0,0.072863315
458,15572,-5.548,0.472,-9.912,-0.239,-0.122,0.156,0.199,0.099823522,0,0.072863315
459,15606,-1.03,18.046,2.382,-0.004,-0.008,0.014,0.116,0.099993284,0,0.072693553
460,15640,20.642,9.892,23.998,0.038,0.027,-0.031,0.13,0.099993284,0,0.072693553
461,15674,-0.734,3.112,7.378,-0.036,0.101,-0.099,0.113,0.099993284,0,0.072693553
462,15708,14.205,-4.015,29.651,0.121,-0.039,-0.028,0.099,0.100158481,0,0.072528356
463,15742,-1.364,5.548,3.56,0.019,0.074,-0.051,0.1,0.100158481,0,0.072528356
464,15776,17.839,8.769,-9.889,-0.1,0,-0.136,0.115,0.100158481,0,0.072528356
465,15810,10.58,29.967,6.002,0.055,-0.012,0.001,0.134,0.100319358,0,0.072367479
466,15844,17.771,9.08,25.598,-0.039,-0.102,-0.076,0.129,0.100319358,0,0.072367479
467,15878,-0.779,-1.902,4.857,0.03,-0.033,-0.016,0.094,0.100319358,0,0.072367479
468,15912,-6.459,-8.888,-2.301,0.084,-0.057,-0.108,0.202,0.100476168,0,0.072210669
469,15946,6.854,23.742,4.849,0.072,0.046,0.13,0.125,0.100476168,0,0.072210669
470,15980,24.576,12.673,27.647,-0.072,-0.009,0.009,0.133,0.100476168,0,0.072210669
471,16014,-4.006,-1.247,4.4,0.091,0.058,-0.034,0.274,0.100476168,0,0.072210669
472,16048,16.928,-4.008,-7.788,0.02,0.11,0.039,0.106,0.100629168,0,0.072057669
473,16082,-4.704,-0.385,-5.445,0.008,-0.015,0.112,0.13,0.100629168,0,0.072057669
474,16116,8.957,4.907,20.91,-0.048,0.008,0.002,0.15,0.100629168,0,0.072057669
475,16150,-0.979,1.244,9.136,-0.092,-0.046,-0.091,0.086,0.100778628,0,0.071908209
476,16184,19.73,8.057,-9.927,0.013,0.044,0.024,0.101,0.100778628,0,0.071908209
477,16218,-5.316,2.129,-7.905,-0.03,-0.021,0.032,0.11,0.100778628,0,0.071908209
478,16252,24.171,17.881,20.603,-0.053,-0.107,-0.053,0.102,0.100924819,0,0.071762018
479,16286,8.982,7.069,22.048,-0.168,0.05,-0.105,0.135,0.100924819,0,0.071762018
480,16320,6.58,2.585,-2.665,-0.109,-0.005,-0.139,0.103,0.100924819,0,0.071762018
481,16354,20.363,-7.005,34.317,-0.107,-0.015,0.007,0.182,0.101179763,0,0.071507074
482,16388,5.449,8.682,2.412,-0.068,-0.046,-0.164,0.131,0.101179763,0,0.071507074
483,16422,17.219,5.75,-11.835,-0.002,-0.039,-0.168,0.104,0.101179763,0,0.071507074
484,16456,-9.369,-4.495,-4.665,-0.046,-0.182,0.061,0.232,0.101179763,0,0.071507074
485,16490,12.976,6.107,-11.754,-0.036,0.01,-0.101,0.114,0.101597472,0,0.071089365
486,16524,-8.891,1.722,-8.086,0.014,-0.02,0.03,0.119,0.101597472,0,0.071089365
487,16558,15.346,8.39,24.061,0.107,0.18,0.03,0.126,0.101597472,0,0.071089365
488,16592,12.135,-4.869,-6.34,0.111,0.176,-0.003,0.106,0.102021537,0,0.0706653
489,16626,-8.9,-1.098,-1.985,0.073,0.021,0.082,0.103,0.102021537,0,0.0706653
490,16660,25.25,15.138,25.653,-0.137,-0.004,-0.086,0.106,0.102021537,0,0.0706653
491,16694,21.483,-1.953,28.871,0.06,0.025,0.009,0.1,0.102451651,0,0.070235186
492,16728,-0.275,4.795,6.256,0.001,0.008,-0.063,0.089,0.102451651,0,0.070235186
493,16762,21.907,7.941,-13.272,-0.048,0.024,-0.042,0.135,0.102451651,0,0.070235186
494,16796,-6.15,13.723,0.943,0.174,-0.031,0.013,0.157,0.102887502,0,0.069799335
495,16830,22.802,7.452,24.019,0.051,-0.065,0.013,0.116,0.102887502,0,0.069799335
496,16864,-1.272,3.841,11.116,-0.1,0.07,-0.143,0.101,0.102887502,0,0.069799335
497,16898,11.148,6.886,2.274,0.05,0.048,0.276,0.143,0.102887502,0,0.069799335
498,16932,14.94,1.777,-9.268,-0.133,-0.082,-0.012,0.103,0.103328774,0,0.069358063
499,16966,-11.535,-0.932,-5.963,0.053,0.022,0.074,0.12,0.103328774,0,0.069358063
500,17000,23.566,12.06,27.001,-0.083,-0.032,-0.25,0.128,0.103328774,0,0.069358063
501,17034,18.463,-0.092,-8.77,0.01,0.038,0.069,0.102,0.103775148,0,0.068911689
502,17068,-6.76,-2.388,-1.003,-0.001,-0.027,0.05,0.09,0.103775148,0,0.068911689
503,17102,16.369,8.782,22.763,-0.135,0.047,-0.259,0.117,0.103775148,0,0.068911689
504,17136,25.16,0.112,32.175,-0.145,-0.144,0.157,0.087,0.104226303,0,0.068460534
505,17170,0.833,4.673,10.287,0.145,0.129,0.156,0.09,0.104226303,0,0.068460534
506,17204,23.589,12.18,-13.222,-0.175,-0.102,-0.05,0.124,0.104226303,0,0.068460534
507,17238,15.021,-7.368,-7.928,-0.084,0.022,-0.076,0.093,0.104681915,0,0.068004922
508,17272,-7.993,4.887,1.751,0.054,-0.062,0.071,0.091,0.104681915,0,0.068004922
509,17306,23.007,12.799,30.168,-0.012,-0.061,-0.037,0.105,0.104681915,0,0.068004922
510,17340,-0.578,0.915,11.357,-0.075,0.167,-0.003,0.19,0.105141659,0,0.067545178
511,17374,20.267,9.383,-12.295,0.138,0.091,-0.081,0.098,0.105141659,0,0.067545178
512,17408,-7.212,-1.541,-9.819,0.066,-0.123,0.014,0.106,0.105141659,0,0.067545178
513,17442,12.247,6.589,22.444,-0.15,0.054,0.224,0.168,0.105141659,0,0.067545178
514,17476,21.498,2.28,-8.407,0.142,0.073,0.096,0.092,0.105605209,0,0.067081628
515,17510,-11.709,-3.947,-5.246,-0.085,0.062,0.231,0.092,0.105605209,0,0.067081628
516,17544,16.502,12.186,27.263,-0.078,-0.125,-0.122,0.109,0.105605209,0,0.067081628
517,17578,9.483,12.058,-10.113,-0.008,0.175,-0.004,0.114,0.106072235,0,0.066614602
518,17612,9.609,2.554,-11.853,0.175,0.001,0.229,0.085,0.106072235,0,0.066614602
519,17646,2.935,0.088,17.365,0.068,-0.101,0.071,0.119,0.106072235,0,0.066614602
520,17680,2.369,-19.459,-4.208,0.058,-0.047,0.184,0.132,0.106542412,0,0.066144425
521,17714,3.323,15.694,10.231,0.07,-0.1,-0.04,0.123,0.106542412,0,0.066144425
522,17748,22.134,16.693,26.33,-0.065,-0.083,-0.02,0.087,0.106542412,0,0.066144425
523,17782,21.43,-9.234,31.235,0.2,-0.141,0.196,0.2,0.107015412,0,0.065671425
524,17816,0.067,4.037,1.814,-0.078,0.007,-0.037,0.107,0.107015412,0,0.065671425
525,17850,10.164,2.768,-14.94,-0.031,-0.055,0.058,0.12,0.107015412,0,0.065671425
526,17884,1.234,-2.116,12.904,0.187,-0.119,-0.11,0.19,0.107015412,0,0.065671425
527,17918,2.353,3.423,18.369,-0.034,0.077,0.354,0.098,0.107490906,0,0.065195931
528,17952,17.509,0.877,-2.541,-0.072,-0.059,-0.121,0.107,0.107490906,0,0.065195931
529,17986,15.508,9.542,-10.431,-0.119,-0.035,0.113,0.097,0.107490906,0,0.065195931
530,18020,12.163,11.14,-15.977,-0.24,0.042,-0.083,0.109,0.10796857,0,0.064718267
531,18054,9.626,-0.617,-9.868,0.141,-0.022,0.082,0.089,0.10796857,0,0.064718267
532,18088,-4.081,-6.431,10.592,0.101,-0.204,0.016,0.1,0.10796857,0,0.064718267
533,18122,7.66,10.912,-7.193,-0.009,0.029,0.081,0.103,0.108448077,0,0.06423876
534,18156,24.606,3.464,-10.89,-0.099,-0.05,0.035,0.15,0.108448077,0,0.06423876
535,18190,-7.212,0.593,-3.913,0.15,-0.006,0.142,0.151,0.108448077,0,0.06423876
536,18224,-8.807,-3.629,-5.499,0.156,0.154,0.28,0.169,0.108929106,0,0.063757731
537,18258,14.308,23.256,13.223,-0.049,-0.003,0.022,0.146,0.108929106,0,0.063757731
538,18292,20.818,16.499,26.682,-0.207,0.169,0.076,0.098,0.108929106,0,0.063757731
539,18326,-11.38,-1.784,4.171,0.085,0.12,-0.036,0.173,0.108929106,0,0.063757731
540,18360,18.824,4.984,-11.01,-0.159,-0.109,-0.057,0.114,0.109411335,0,0.063275502
541,18394,-12.41,-5.669,-7.714,-0.028,-0.091,0.057,0.091,0.109411335,0,0.063275502
542,18428,7.368,1.324,15.126,0.118,0.044,-0.023,0.13,0.109411335,0,0.063275502
543,18462,-1.08,19.471,4.197,0.007,0.14,0.253,0.116,0.109894445,0,0.062792392
544,18496,22.802,8.135,23.947,-0.106,-0.114,-0.164,0.077,0.109894445,0,0.062792392
545,18530,4.891,7.775,11.859,0.035,-0.114,-0.09,0.106,0.109894445,0,0.062792392
546,18564,22.15,11.29,20.383,0.153,-0.143,0.16,0.092,0.110378122,0,0.062308715
547,18598,12.922,9.732,24.281,-0.069,-0.016,-0.02,0.105,0.110378122,0,0.062308715
548,18632,14.082,0.041,-0.04,0.19,0.17,0.118,0.121,0.110378122,0,0.062308715
549,18666,-8.64,2.243,-2.268,0.043,-0.108,0.16,0.14,0.110862053,0,0.061824784
550,18700,5.5,15.066,11.285,0.005,-0.044,0.14,0.119,0.110862053,0,0.061824784
551,18734,24.848,16.332,29.929,0.043,-0.119,-0.115,0.107,0.110862053,0,0.061824784
552,18768,-0.232,-2.702,5.392,0.046,-0.085,-0.091,0.142,0.110862053,0,0.061824784
553,18802,24.283,5.738,29.105,-0.03,0.03,-0.044,0.101,0.111345929,0,0.061340908
554,18836,2.802,1.751,4.997,-0.103,-0.081,-0.125,0.112,0.111345929,0,0.061340908
555,18870,28.528,10.528,-13.929,-0.088,0.007,0.055,0.134,0.111345929,0,0.061340908
556,18904,4.979,24.964,5.453,-0.171,-0.199,-0.185,0.112,0.111829446,0,0.060857391
557,18938,41.744,11.347,33.901,-0.009,-0.122,-0.054,0.095,0.111829446,0,0.060857391
558,18972,-6.674,-0.193,4.609,0.11,-0.003,-0.12,0.127,0.111829446,0,0.060857391
559,19006,-0.818,3.29,16.383,0.036,0.122,0.131,0.098,0.112312304,0,0.060374533
560,19040,22.982,7.773,-6.163,-0.108,0.075,0.047,0.118,0.112312304,0,0.060374533
561,19074,9.973,10.127,-13.044,0.018,-0.03,0.197,0.126,0.112312304,0,0.060374533
562,19108,-9.378,-2.099,-3.735,-0.019,-0.208,-0.222,0.123,0.112794207,0,0.05989263
563,19142,19.179,22.244,19.276,-0.012,0.045,0.046,0.108,0.112794207,0,0.05989263
564,19176,21.684,16.908,27.146,-0.1,-0.07,-0.184,0.113,0.112794207,0,0.05989263
565,19210,-16.41,5.037,-2.426,0.016,-0.168,-0.159,0.188,0.113274865,0,0.059411972
566,19244,28.246,18.018,24.825,-0.047,0.013,0.08,0.124,0.113274865,0,0.059411972
567,19278,12.504,8.827,23.148,-0.007,-0.008,0.075,0.086,0.113274865,0,0.059411972
568,19312,9.58,3.125,-0.012,0.242,0.209,-0.094,0.147,0.113274865,0,0.059411972
569,19346,33.836,11.254,32.225,0.04,-0.103,-0.014,0.1,0.113753993,0,0.058932844
570,19380,0.947,8.006,16.399,-0.062,0.039,-0.134,0.094,0.113753993,0,0.058932844
571,19414,13.902,3.859,-6.23,-0.115,-0.021,-0.114,0.094,0.113753993,0,0.058932844
572,19448,-0.562,6.148,6.678,0.044,0.007,-0.063,0.124,0.11423131,0,0.058455527
573,19482,18.117,4.956,-16.652,-0.148,-0.006,-0.156,0.096,0.11423131,0,0.058455527
574,19516,-6.19,4.916,-7.98,0.025,-0.16,0.111,0.127,0.11423131,0,0.058455527
575,19550,18.726,3.567,-15.165,-0.071,0.012,-0.2,0.094,0.114706544,0,0.057980293
576,19584,-15.879,-5.785,-7.365,-0.007,-0.036,-0.102,0.104,0.114706544,0,0.057980293
577,19618,16.335,11.516,26.024,-0.09,0.1,0.074,0.125,0.114706544,0,0.057980293
578,19652,-5.759,-14.091,-4.215,0.194,-0.091,-0.073,0.232,0.115179426,0,0.057507411
579,19686,10.896,20.171,14.373,0.05,0.017,0.091,0.093,0.115179426,0,0.057507411
580,19720,22.246,15.464,27.405,0.067,-0.017,-0.098,0.098,0.115179426,0,0.057507411
581,19754,15.762,2.264,0.548,0.061,0.057,0.023,0.203,0.115179426,0,0.057507411
582,19788,21.072,6.384,31.615,0.028,-0.096,-0.024,0.095,0.115649696,0,0.057037141
583,19822,14.955,3.113,1.411,0.144,0.079,0.119,0.106,0.115649696,0,0.057037141
584,19856,16.394,14.494,-14.246,-0.066,0.008,0.176,0.129,0.115649696,0,0.057037141
585,19890,10.987,-11.511,-8.634,-0.064,-0.025,-0.137,0.127,0.116117099,0,0.056569738
586,19924,-14.449,-2.949,-2.181,0.108,-0.108,0.091,0.094,0.116117099,0,0.056569738
587,19958,35.482,10.245,36.615,-0.059,0.085,-0.076,0.113,0.116117099,0,0.056569738
588,19992,-2.397,3.92,9.506,-0.046,-0.134,-0.234,0.105,0.116581387,0,0.05610545
589,20026,28.286,7.647,-13.627,0.053,0.151,0.164,0.142,0.116581387,0,0.05610545
590,20060,-9.926,1.174,-7.893,0.023,-0.286,-0.013,0.142,0.116581387,0,0.05610545
591,20094,3.878,-20.627,-3.242,-0.18,-0.095,-0.041,0.171,0.117042322,0,0.055644515
592,20128,-5.032,15.166,1.979,-0.217,-0.181,-0.067,0.111,0.117042322,0,0.055644515
593,20162,47.293,21.263,39.431,-0.002,0.135,0.068,0.118,0.117042322,0,0.055644515
594,20196,-9.243,0.773,7.799,0.321,-0.062,0.011,0.21,0.117042322,0,0.055644515
595,20230,36.359,8.275,34.099,0.099,-0.096,0.018,0.106,0.117499668,0,0.055187169
596,20264,4.135,-3.013,8.553,-0.04,0.047,-0.077,0.113,0.117499668,0,0.055187169
597,20298,34.788,15.201,-14.173,-0.058,-0.029,0.188,0.125,0.117499668,0,0.055187169
598,20332,2.82,0.066,20.699,0.107,0.018,-0.128,0.153,0.117953202,0,0.054733635
599,20366,25.524,8.5,-12.6,0.054,0.009,0.023,0.119,0.117953202,0,0.054733635
600,20400,-8.762,1.951,-12.96,0.138,0.204,0.334,0.106,0.117953202,0,0.054733635
601,20434,3.231,0.483,20.03,-0.063,-0.14,-0.227,0.129,0.118402707,0,0.05428413
602,20468,25.7,14.977,-15.582,-0.004,0.051,-0.077,0.112,0.118402707,0,0.05428413
603,20502,-11.478,1.221,-11.072,0.065,0.204,0.059,0.125,0.118402707,0,0.05428413
604,20536,25.269,-1.984,40.959,-0.118,-0.257,-0.02,0.116,0.118847972,0,0.053838865
605,20570,14.674,11.118,-4.526,0.005,0.088,0.026,0.141,0.118847972,0,0.053838865
606,20604,10.147,2.225,-16.538,-0.074,0.115,-0.027,0.12,0.118847972,0,0.053838865
607,20638,-1.217,-2.325,-0.73,0.121,-0.175,0.002,0.148,0.118847972,0,0.053838865
608,20672,-3.724,2.806,14.081,-0.047,-0.006,-0.038,0.139,0.119288796,0,0.053398041
609,20706,21.487,5.296,-14.877,0.076,0.125,-0.007,0.089,0.119288796,0,0.053398041
610,20740,-14.081,6.829,-12.067,0.055,-0.135,0.124,0.14,0.119288796,0,0.053398041
611,20774,31.97,4.889,35,0.193,0.276,0.39,0.134,0.119724988,0,0.052961849
612,20808,-3.211,2.182,17.957,-0.11,-0.058,-0.154,0.104,0.119724988,0,0.052961849
613,20842,37.545,10.133,-10.969,0.185,0.09,0.018,0.102,0.119724988,0,0.052961849
614,20876,31.04,-1.073,40.813,-0.041,-0.08,0.089,0.13,0.120156362,1,0.052530475
615,20910,0.901,4.249,5.621,-0.101,-0.063,-0.257,0.109,0.120156362,1,0.052530475
616,20944,28.877,13.74,-15.31,-0.041,-0.016,0.003,0.115,0.120156362,1,0.052530475
617,20978,25.442,2.394,36.722,0.22,-0.07,-0.001,0.14,0.120582744,1,0.052104093
618,21012,8.785,9.385,-4.465,-0.077,0.047,-0.052,0.117,0.120582744,1,0.052104093
619,21046,12.72,9.451,-18.912,-0.059,0.011,0.026,0.104,0.120582744,1,0.052104093
620,21080,0.056,0.283,-0.581,-0.053,-0.048,-0.047,-0.004,0.121003967,1,0.05168287
621,21114,28.417,6.188,-11.615,-0.26,0.136,0.278,0.099,0.121003967,1,0.05168287
622,21148,-10.746,-1.737,-0.627,0.028,-0.165,0.038,0.105,0.121003967,1,0.05168287
623,21182,44.742,25.917,29.493,-0.187,0.245,-0.207,0.108,0.121003967,1,0.05168287
624,21216,-1.782,2.407,8.185,-0.147,0.086,-0.381,0.127,0.121419872,1,0.051266965
625,21250,4.755,-1.83,-13.762,0.071,-0.166,0.047,0.118,0.121419872,1,0.051266965
626,21284,29.537,11.334,36.553,-0.084,0.031,-0.011,0.103,0.121419872,1,0.051266965
627,21318,26.448,11.006,-16.294,-0.152,0.228,0.233,0.098,0.121830313,1,0.050856524
628,21352,-14.348,-1.387,-3.231,0.143,-0.062,0.13,0.109,0.121830313,1,0.050856524
629,21386,33.667,19.294,32.65,0.09,0.122,-0.205,0.132,0.121830313,1,0.050856524
630,21420,-6.903,-18.972,-6.839,0.064,-0.03,-0.009,0.174,0.122235149,1,0.050451688
631,21454,48.401,9.76,43.59,0.2,0.094,0.031,0.116,0.122235149,1,0.050451688
632,21488,21.694,1.231,-4.151,0.115,0.252,0.166,0.117,0.122235149,1,0.050451688
633,21522,-26.707,-11.691,-5.679,0.142,-0.05,-0.047,0.209,0.122235149,1,0.050451688
634,21556,2.003,-10.755,-13.354,0.146,-0.005,0.138,0.108,0.12263425,1,0.050052587
635,21590,42.54,20.918,38.323,0.067,-0.12,-0.208,0.1,0.12263425,1,0.050052587
636,21624,8.508,-7.033,3.631,0.346,-0.096,-0.006,0.117,0.12263425,1,0.050052587
637,21658,56.728,5,47.182,0.091,-0.162,-0.039,0.122,0.123027496,1,0.049659341
638,21692,25.152,8.788,-12.928,-0.005,0.074,0.043,0.114,0.123027496,1,0.049659341
639,21726,-25.506,-13.337,0.066,-0.164,-0.479,-0.067,0.114,0.123027496,1,0.049659341
640,21760,29.327,3.186,39.801,-0.21,-0.224,-0.321,0.103,0.123414775,1,0.049272062
641,21794,32.793,5.255,-16.569,-0.103,0.137,0.076,0.117,0.123414775,1,0.049272062
642,21828,-4.299,0.438,21.016,0.354,-0.13,-0.01,0.115,0.123414775,1,0.049272062
643,21862,-8.583,-24.446,-5.583,0.093,-0.065,-0.177,0.13,0.123795988,1,0.048890849
644,21896,37.271,15.247,37.982,-0.067,-0.025,-0.044,0.108,0.123795988,1,0.048890849
645,21930,19.214,-0.984,-1.932,-0.021,0.105,-0.033,0.108,0.123795988,1,0.048890849
646,21964,-0.343,4.273,0.431,0.019,-0.004,-0.007,-0.005,0.12417104,1,0.048515797
647,21998,-9.116,15.716,4.245,0.026,-0.073,-0.12,0.118,0.12417104,1,0.048515797
648,22032,8.554,7.981,25.466,-0.23,-0.15,-0.325,0.091,0.12417104,1,0.048515797
649,22066,27.31,19.128,-16.05,0.052,-0.01,0.273,0.149,0.12417104,1,0.048515797
650,22100,37.124,20.811,31.781,0.024,-0.212,0.049,0.109,0.124539851,1,0.048146986
651,22134,-3.839,3.108,5.692,0.029,0.003,-0.116,0.11,0.124539851,1,0.048146986
652,22168,-19.996,0.032,-15.484,-0.074,-0.34,-0.077,0.109,0.124539851,1,0.048146986
653,22202,48.42,1.264,42.725,0.003,-0.136,0.048,0.127,0.124902347,1,0.04778449
654,22236,19.989,10.152,-15.374,-0.032,0.015,0.035,0.128,0.124902347,1,0.04778449
655,22270,-19.213,-3.552,4.394,0.096,-0.162,0.053,0.11,0.124902347,1,0.04778449
656,22304,30.251,38.118,24.736,-0.067,-0.002,-0.034,0.104,0.125258466,1,0.047428371
657,22338,-2.842,1.712,9.872,-0.09,0.071,-0.147,0.113,0.125258466,1,0.047428371
658,22372,-0.362,6.806,-23.15,0.026,-0.006,0.231,0.133,0.125258466,1,0.047428371
659,22406,-20.197,3.61,-1.095,0.218,-0.381,-0.292,0.219,0.125608155,1,0.047078682
660,22440,44.993,5.447,43.282,-0.067,0.117,0.241,0.117,0.125608155,1,0.047078682
661,22474,25.825,4.366,-16.805,-0.072,0.01,-0.1,0.098,0.125608155,1,0.047078682
662,22508,-14.007,-11.733,5.033,0.081,-0.126,0.034,0.165,0.125608155,1,0.047078682
663,22542,-1.028,1.491,10.939,-0.107,-0.104,-0.019,0.102,0.12595137,1,0.046735467
664,22576,9.291,3.786,-19.096,0.201,-0.112,0.165,0.118,0.12595137,1,0.046735467
665,22610,34.922,15.156,41.076,-0.227,0.035,-0.37,0.129,0.12595137,1,0.046735467
666,22644,12.78,-10.162,-11.992,-0.133,-0.208,-0.157,0.116,0.126288078,1,0.046398759
667,22678,22.771,13.203,28.075,0.119,0.109,0.127,0.104,0.126288078,1,0.046398759
668,22712,-9.658,-6.058,4.812,0.136,0.213,-0.053,0.122,0.126288078,1,0.046398759
669,22746,30.788,-2.821,-16.889,-0.176,0.039,0.098,0.101,0.126618256,1,0.046068581
670,22780,12.043,25.397,20.503,0.145,-0.096,0.02,0.106,0.126618256,1,0.046068581
671,22814,-3.356,-0.57,13.608,-0.023,0.307,-0.066,0.099,0.126618256,1,0.046068581
672,22848,6.487,7.727,2.183,-0.322,0.102,0.338,0.218,0.126941889,1,0.045744948
673,22882,-9.911,-10.129,-9.328,-0.034,0.014,0.269,0.095,0.126941889,1,0.045744948
674,22916,49.226,19.844,42.455,0.078,0.05,-0.063,0.111,0.126941889,1,0.045744948
675,22950,25.249,8.566,-5.662,-0.226,-0.089,0.033,0.261,0.126941889,1,0.045744948
676,22984,1.661,0.88,25.047,0.245,0.185,0.028,0.111,0.127258973,1,0.045427864
677,23018,21.08,9.181,-21.296,-0.032,0.054,0.182,0.109,0.127258973,1,0.045427864
678,23052,19.045,-0.595,35.544,-0.194,-0.325,-0.223,0.112,0.127258973,1,0.045427864
679,23086,-9.183,-17.47,-10.033,0.238,-0.025,-0.153,0.112,0.127569513,1,0.045117324
680,23120,56.664,19.86,44.823,-0.012,0.079,-0.036,0.112,0.127569513,1,0.045117324
681,23154,24.149,4.35,-6.656,-0.025,0.183,-0.115,0.096,0.127569513,1,0.045117324
682,23188,5.068,17.319,-6.504,-0.071,-0.078,-0.092,0.1,0.127873524,1,0.044813313
683,23222,-17.56,-13.597,-10.525,-0.004,-0.114,0.05,0.101,0.127873524,1,0.044813313
684,23256,62.356,25.981,49.722,0.11,0.107,-0.073,0.09,0.127873524,1,0.044813313
685,23290,-2.492,0.377,17.995,-0.075,-0.134,-0.05,0.172,0.128171032,1,0.044515805
686,23324,9.329,-4.789,-13.849,-0.184,0.027,-0.077,0.105,0.128171032,1,0.044515805
687,23358,31.942,20.334,33.873,-0.019,-0.079,-0.006,0.085,0.128171032,1,0.044515805
688,23392,-6.62,-8.206,10.958,0.024,-0.014,-0.293,0.211,0.128171032,1,0.044515805
689,23426,-17.822,-19.739,-8.504,0.205,0.096,0.149,0.127,0.128462069,1,0.044224768
690,23460,48.276,26.411,39.474,-0.105,-0.054,0.226,0.089,0.128462069,1,0.044224768
691,23494,24.881,2.582,-4.334,0.096,0.04,-0.119,0.108,0.128462069,1,0.044224768
692,23528,23.934,24.463,25.331,0.001,0.04,0.174,0.112,0.12874668,1,0.043940157
693,23562,-7.56,-0.44,12.565,0.13,0.007,0.121,0.114,0.12874668,1,0.043940157
694,23596,-10.796,1.198,-15.58,-0.125,0.083,0.381,0.103,0.12874668,1,0.043940157
695,23630,-3.819,4.018,13.361,-0.049,0.091,-0.315,0.125,0.129024918,1,0.043661919
696,23664,-5.507,-6.768,-13.896,0.129,-0.046,-0.007,0.11,0.129024918,1,0.043661919
697,23698,45.502,19.106,40.364,0.058,0.002,-0.008,0.087,0.129024918,1,0.043661919
698,23732,35.668,11.873,-24.455,-0.228,-0.031,0.039,0.138,0.129296844,1,0.043389993
699,23766,-13.766,7.836,3.896,0.099,-0.047,0.304,0.112,0.129296844,1,0.043389993
700,23800,32.392,18.249,36.295,-0.009,-0.022,-0.103,0.101,0.129296844,1,0.043389993
701,23834,1.146,4.465,3.047,-0.067,-0.093,-0.09,-0.004,0.129562531,1,0.043124306
702,23868,37.388,8.902,41.379,0.176,0.093,0.16,0.099,0.129562531,1,0.043124306
703,23902,29.649,13.021,-20.249,-0.309,-0.073,-0.252,0.102,0.129562531,1,0.043124306
704,23936,-14.386,-8.363,12.87,-0.101,-0.073,-0.001,0.124,0.129562531,1,0.043124306
705,23970,28.344,2.733,41.031,-0.014,0.018,0.286,0.12,0.129822058,1,0.042864779
706,24004,35.428,10.397,-19.579,-0.175,0.065,0.1,0.126,0.129822058,1,0.042864779
707,24038,6.063,-8.484,30.33,0.244,0.229,0.221,0.114,0.129822058,1,0.042864779
708,24072,49.825,9.608,47.271,0.051,-0.157,0.157,0.112,0.130075515,1,0.042611322
709,24106,32.2,5.089,-11.684,-0.018,0.212,0.173,0.091,0.130075515,1,0.042611322
710,24140,-20.741,-8.44,11.664,0.156,-0.16,0.082,0.109,0.130075515,1,0.042611322
711,24174,-32.622,4.082,-0.826,-0.022,-0.083,-0.075,0.113,0.130323,1,0.042363837
712,24208,50.124,13.505,49.273,-0.308,0.019,-0.273,0.103,0.130323,1,0.042363837
713,24242,48.043,13.074,-27.112,-0.038,0.124,0.023,0.108,0.130323,1,0.042363837
714,24276,3.936,15.664,-1.854,-0.224,0.057,-0.279,0.238,0.130564621,1,0.042122216
715,24310,-22.76,-19.212,-9.717,0.04,-0.024,0.088,0.125,0.130564621,1,0.042122216
716,24344,58.031,28.961,45.707,-0.036,-0.099,0.259,0.085,0.130564621,1,0.042122216
717,24378,39.666,3.532,-10.36,-0.168,-0.05,-0.16,0.194,0.130564621,1,0.042122216
718,24412,-28.122,-15.426,-4.83,0.045,-0.237,-0.085,0.117,0.130800492,1,0.041886345
719,24446,56.684,29.234,41.839,0.051,-0.027,-0.246,0.107,0.130800492,1,0.041886345
720,24480,48.501,12.938,-14.967,-0.013,0.227,-0.016,0.129,0.130800492,1,0.041886345
721,24514,39.595,10.815,-22.869,-0.2,-0.155,-0.171,0.115,0.131030739,1,0.041656098
722,24548,-1.751,13.046,21.79,0.216,0.003,0.097,0.115,0.131030739,1,0.041656098
723,24582,-8.038,2.29,11.646,0.05,0.211,-0.093,0.111,0.131030739,1,0.041656098
724,24616,26.729,7.207,-10.822,-0.096,0.176,0.21,0.11,0.131255493,1,0.041431344
725,24650,-19.739,-5.357,-2.397,0.195,-0.042,0.036,0.098,0.131255493,1,0.041431344
726,24684,54.986,25.983,38.485,0.091,0.246,0.114,0.096,0.131255493,1,0.041431344
727,24718,40.104,-4.242,-13.777,-0.19,0.209,0.264,0.226,0.131474895,1,0.041211942
728,24752,30.448,21.98,23.606,-0.057,0.069,0,0.115,0.131474895,1,0.041211942
729,24786,3.515,-4.803,10.021,0.076,0.197,0.054,0.087,0.131474895,1,0.041211942
730,24820,-13.284,0.921,-16.786,-0.159,-0.179,-0.078,0.184,0.131474895,1,0.041211942
731,24854,45.001,12.916,-19.274,-0.321,-0.192,-0.285,0.105,0.131689094,1,0.040997743
732,24888,-7.028,-9.982,3.78,-0.059,-0.137,0.126,0.133,0.131689094,1,0.040997743
733,24922,49.062,20.646,24.407,-0.297,0.14,-0.473,0.127,0.131689094,1,0.040997743
734,24956,47.337,32.192,26.315,-0.113,-0.086,0.155,0.111,0.131898245,1,0.040788592
735,24990,10.01,-2.739,9.925,0.029,-0.046,-0.085,0.116,0.131898245,1,0.040788592
736,25024,2.197,0.376,-10.434,0.045,-0.029,0.257,0.103,0.131898245,1,0.040788592
737,25058,47.145,15.606,-16.064,0.012,0.28,-0.065,0.128,0.132102513,1,0.040584324
738,25092,-8.873,-9.2,-2.76,-0.117,-0.284,-0.203,0.11,0.132102513,1,0.040584324
739,25126,69.573,25.586,40.926,-0.005,0.4,-0.049,0.091,0.132102513,1,0.040584324
740,25160,25.064,8.64,0.584,0.081,0.207,-0.302,0.233,0.132302069,1,0.040384768
741,25194,6.106,-12.929,-9.863,0.142,0.138,0.117,0.098,0.132302069,1,0.040384768
742,25228,85.561,28.393,47.064,-0.007,0.046,-0.223,0.085,0.132302069,1,0.040384768
743,25262,66.782,10.054,-11.804,-0.327,-0.068,0.087,0.196,0.132302069,1,0.040384768
744,25296,76.605,20.949,39.285,-0.203,-0.087,0.035,0.106,0.132497093,1,0.040189744
745,25330,35.254,-0.261,2.306,-0.066,-0.144,-0.157,0.107,0.132497093,1,0.040189744
746,25364,-6.137,-4.708,-12.019,0.087,-0.139,0.062,0.136,0.132497093,1,0.040189744
747,25398,48.443,1.977,35.82,-0.175,-0.025,-0.055,0.116,0.13268777,1,0.039999067
748,25432,64.982,10.38,-19.493,-0.057,0.165,0.122,0.13,0.13268777,1,0.039999067
749,25466,56.123,1.128,38.837,0.136,0.014,0.2,0.109,0.13268777,1,0.039999067
750,25500,60.244,-7.564,-14.067,-0.134,0.083,0.181,0.107,0.132874293,1,0.039812544
751,25534,65.099,20.786,32.428,0.003,0.022,0.141,0.099,0.132874293,1,0.039812544
752,25568,26.462,-9.01,3.675,-0.016,0.229,0.066,0.114,0.132874293,1,0.039812544
753,25602,71.775,0.324,44.595,0.078,-0.121,0.086,0.177,0.133056861,1,0.039629976
754,25636,75.09,2.469,-17.57,-0.164,0.046,0.113,0.106,0.133056861,1,0.039629976
755,25670,54.495,14.701,32.728,0.08,-0.063,-0.096,0.09,0.133056861,1,0.039629976
756,25704,21.248,-5.386,12.061,0.484,-0.034,0.157,0.212,0.133056861,1,0.039629976
757,25738,44.749,10.001,-1.815,0.046,-0.017,-0.276,0.093,0.133235681,1,0.039451156
758,25772,14.685,-3.768,-13.059,0.109,-0.085,0.155,0.099,0.133235681,1,0.039451156
759,25806,115.37,40.088,45.923,-0.259,-0.167,-0.563,0.123,0.133235681,1,0.039451156
760,25840,31.771,-19.437,-9.294,0.101,-0.021,0.213,0.113,0.133410964,1,0.039275873
761,25874,103.52,24.615,49.919,-0.18,0.037,0.038,0.118,0.133410964,1,0.039275873
762,25908,70.943,-0.286,-7.127,-0.002,0.071,-0.084,0.121,0.133410964,1,0.039275873
763,25942,43.54,11.802,-0.785,-0.138,0.105,-0.224,0.122,0.13358293,1,0.039103907
764,25976,21.825,-12.414,-12.836,0.013,0.049,0.224,0.118,0.13358293,1,0.039103907
765,26010,113.66,33.931,55.914,-0.086,0.122,-0.452,0.107,0.13358293,1,0.039103907
766,26044,41.751,1.127,11.464,-0.495,0.111,-0.153,0.2,0.133751803,1,0.038935034
767,26078,43.897,-10.075,-15.466,0.271,-0.116,-0.177,0.101,0.133751803,1,0.038935034
768,26112,107.99,26.517,47.571,0.235,-0.016,-0.137,0.102,0.133751803,1,0.038935034
769,26146,70.037,-3.76,-0.924,0.047,0.247,0.084,0.213,0.133751803,1,0.038935034
770,26180,89.756,8.748,-21.279,-0.263,0.049,-0.136,0.105,0.133917812,1,0.038769025
771,26214,48.015,5.772,24.192,0.152,-0.134,0.161,0.118,0.133917812,1,0.038769025
772,26248,44.747,1.529,10.849,0.091,0.433,-0.245,0.121,0.133917812,1,0.038769025
773,26282,22.47,-19.118,-6.213,0.084,-0.177,-0.056,0.116,0.134081193,1,0.038605644
774,26316,123.14,30.223,46.865,-0.14,0.036,0.208,0.12,0.134081193,1,0.038605644
775,26350,101.97,9.643,-19.317,-0.172,0.228,0.099,0.115,0.134081193,1,0.038605644
776,26384,39.555,25.661,7.851,-0.257,-0.315,-0.149,0.13,0.134242187,1,0.03844465
777,26418,54.512,2.248,25.815,0.028,-0.033,-0.112,0.133,0.134242187,1,0.03844465
778,26452,68.435,11.528,-25.936,-0.011,-0.003,0.234,0.133,0.134242187,1,0.03844465
779,26486,43.59,-23.919,-4.952,0.182,0.008,-0.245,0.186,0.134401039,1,0.038285798
780,26520,127.38,21.537,51.544,0.07,0.045,-0.013,0.099,0.134401039,1,0.038285798
781,26554,90.385,8.812,-14.387,-0.209,-0.03,-0.015,0.113,0.134401039,1,0.038285798
782,26588,34.584,-27.836,11.105,0.066,0.001,0.289,0.209,0.134401039,1,0.038285798
783,26622,104.41,16.525,-24.107,0.098,0.3,0.046,0.098,0.134558,1,0.038128837
784,26656,36.583,-8.774,12.917,0.039,-0.043,0.002,0.134,0.134558,1,0.038128837
785,26690,58.551,-2.729,17.177,0.059,-0.205,-0.314,0.125,0.134558,1,0.038128837
786,26724,24.781,-3.069,-1.535,0.442,-0.072,-0.057,0.113,0.134713324,1,0.037973513
787,26758,105.66,21.955,43.361,-0.295,-0.204,-0.066,0.105,0.134713324,1,0.037973513
788,26792,108.31,18.015,-22.636,0.175,0.37,0.141,0.13,0.134713324,1,0.037973513
789,26826,125.39,27.452,46.709,-0.013,-0.238,-0.144,0.105,0.134867269,1,0.037819568
790,26860,82.538,4.525,0.905,-0.022,-0.118,0.068,0.121,0.134867269,1,0.037819568
791,26894,23.849,-9.916,-1.39,0.087,0.019,0.081,0.113,0.134867269,1,0.037819568
792,26928,20.822,-2.417,1.647,0.253,-0.092,-0.157,0.166,0.1350201,1,0.037666737
793,26962,101.08,15.094,40.57,0.088,0.118,0.146,0.085,0.1350201,1,0.037666737
794,26996,105.46,13.354,-28.963,-0.139,0.061,0.229,0.117,0.1350201,1,0.037666737
795,27030,66.793,3.044,0.763,-0.027,-0.034,-0.035,-0.004,0.135172083,1,0.037514754
796,27064,84.312,4.941,38.037,-0.053,0.096,-0.191,0.078,0.135172083,1,0.037514754
797,27098,90.055,11.305,-25.934,-0.094,0.059,-0.053,0.109,0.135172083,1,0.037514754
798,27132,124.63,22.933,52.273,0.038,0.16,-0.45,0.17,0.135172083,1,0.037514754
799,27166,63.985,-16.449,-10.293,0.381,-0.172,-0.355,0.111,0.135629184,1,0.037057653
800,27200,137.13,31.665,52.858,-0.118,0.085,0.005,0.105,0.135629184,1,0.037057653
801,27234,101.48,2.436,-8.641,-0.188,0.097,-0.164,0.117,0.135629184,1,0.037057653
802,27268,71.232,4.785,29.804,-0.136,0.143,-0.252,0.098,0.13626502,1,0.036421817
803,27302,79.224,-0.738,-19.18,-0.006,-0.11,-0.052,0.1,0.13626502,1,0.036421817
804,27336,141.85,28.973,55.691,-0.025,-0.133,-0.206,0.103,0.13626502,1,0.036421817
805,27370,136.12,21.537,50.782,-0.08,-0.029,0.064,0.14,0.136902076,1,0.035784761
806,27404,92.198,5.707,-3.702,-0.042,0.075,-0.107,0.096,0.136902076,1,0.035784761
807,27438,29.229,-18.526,-1.261,0.024,-0.005,0.236,0.118,0.136902076,1,0.035784761
808,27472,68.106,-3,4.495,-0.119,0.193,-0.291,0.228,0.137540114,1,0.035146723
809,27506,43.952,-20.299,-8.328,0.159,-0.152,0.076,0.087,0.137540114,1,0.035146723
810,27540,155.02,35.209,48.868,-0.378,-0.007,0.002,0.105,0.137540114,1,0.035146723
811,27574,134.19,10.233,-17.417,-0.125,0.284,0.089,0.16,0.137540114,1,0.035146723
812,27608,134.97,5.593,52.133,-0.15,-0.113,-0.112,0.105,0.138178896,1,0.034507941
813,27642,120.24,15.151,-20.559,-0.041,0.095,0.106,0.134,0.138178896,1,0.034507941
814,27676,87.729,-10.118,36.08,0.006,-0.116,-0.052,0.114,0.138178896,1,0.034507941
815,27710,90.516,11.773,-4.117,0.063,-0.046,-0.341,0.105,0.138818185,1,0.033868652
816,27744,36,-17.402,-5.602,0.238,-0.068,-0.083,0.124,0.138818185,1,0.033868652
817,27778,137.04,27.827,41.938,-0.038,-0.049,-0.231,0.108,0.138818185,1,0.033868652
818,27812,125.63,9.304,-27.198,-0.045,-0.034,0.028,0.16,0.139457746,1,0.033229091
819,27846,88.624,18.917,24.008,0.278,0.052,0.029,0.11,0.139457746,1,0.033229091
820,27880,76.273,-6.129,9.956,0.021,0.029,-0.273,0.106,0.139457746,1,0.033229091
821,27914,80.89,-1.695,2.329,0,0.032,0.02,-0.004,0.139457746,1,0.033229091
822,27948,158.81,16.308,53.468,-0.387,-0.287,-0.032,0.088,0.140097347,1,0.03258949
823,27982,125.35,9.084,-17.803,-0.075,0.114,-0.081,0.122,0.140097347,1,0.03258949
824,28016,68.556,-12.387,25.187,-0.013,-0.348,0.034,0.144,0.140097347,1,0.03258949
825,28050,58.961,20.076,6.588,-0.164,0.118,0.179,0.102,0.140736757,1,0.03195008
826,28084,82.222,-2.379,23.655,-0.139,0,-0.094,0.109,0.140736757,1,0.03195008
827,28118,84.354,14.544,-21.128,0.036,0.009,-0.13,0.124,0.140736757,1,0.03195008
828,28152,74.241,3.722,53.497,0.237,0.21,0.224,0.101,0.141375747,1,0.03131109
829,28186,46.881,15.82,-18.516,-0.038,-0.075,-0.219,0.111,0.141375747,1,0.03131109
830,28220,-10.697,-7.452,25.054,-0.145,-0.283,0.057,0.127,0.141375747,1,0.03131109
831,28254,-27.421,19.944,3.156,0.282,-0.05,0.158,0.139,0.142014092,1,0.030672745
832,28288,16.594,6.801,30.103,-0.175,0.08,-0.048,0.101,0.142014092,1,0.030672745
833,28322,33.34,11.467,-21.315,-0.004,0.145,-0.024,0.087,0.142014092,1,0.030672745
834,28356,23.942,11.771,9.321,0.009,0.183,0.04,0.16,0.142014092,1,0.030672745
835,28390,19.588,-2.12,-13.806,-0.136,-0.049,-0.144,0.089,0.14265157,1,0.030035267
836,28424,50.089,20.54,36.304,-0.227,0.024,0.139,0.11,0.14265157,1,0.030035267
837,28458,3.204,-4.02,5.03,0.122,-0.046,-0.05,0.117,0.14265157,1,0.030035267
838,28492,48.839,20.621,-21.818,-0.015,0.19,-0.219,0.119,0.143287961,1,0.029398876
839,28526,-31.894,-13.163,2.77,0.071,0.063,0.192,0.102,0.143287961,1,0.029398876
840,28560,39.84,16.576,31.89,-0.191,-0.075,-0.387,0.082,0.143287961,1,0.029398876
841,28594,80.224,4.092,60.304,0.161,0.188,0.213,0.099,0.14392305,1,0.028763787
842,28628,48.361,13.845,-17.04,-0.001,0.125,-0.03,0.101,0.14392305,1,0.028763787
843,28662,-38.738,-14.635,9.585,0.329,-0.044,0.046,0.118,0.14392305,1,0.028763787
844,28696,-18.798,35.41,7.655,-0.146,-0.127,0.22,0.167,0.144556624,1,0.028130213
845,28730,4.136,3.624,28.331,-0.125,-0.145,-0.252,0.093,0.144556624,1,0.028130213
846,28764,31.019,6.762,-21.541,-0.211,0.051,-0.094,0.116,0.144556624,1,0.028130213
847,28798,12.162,-11.077,37.8,0.447,-0.012,-0.163,0.169,0.144556624,1,0.028130213
848,28832,-32.96,-14.196,-8.548,-0.151,-0.192,0.023,0.097,0.145188477,1,0.02749836
849,28866,80.919,27.404,45.697,-0.148,0.005,0.17,0.104,0.145188477,1,0.02749836
850,28900,31.904,4.187,-9.768,0.085,0.17,0.07,0.108,0.145188477,1,0.02749836
851,28934,14.416,38.718,21.846,0.36,-0.086,0.219,0.1,0.145818404,1,0.026868433
852,28968,-7.909,-1.081,20.248,-0.145,0.086,-0.147,0.093,0.145818404,1,0.026868433
853,29002,10.346,13.757,-24.162,-0.032,-0.007,0.234,0.112,0.145818404,1,0.026868433
854,29036,46.716,-0.05,-22.996,-0.04,0.081,0.117,0.11,0.146446208,1,0.026240629
855,29070,13.196,18.061,25.83,0.107,-0.222,-0.043,0.098,0.146446208,1,0.026240629
856,29104,-6.079,-3.328,13.547,0.163,0.181,-0.094,0.113,0.146446208,1,0.026240629
857,29138,-46.952,-17.785,-3.651,0.24,-0.169,-0.181,0.155,0.147071694,1,0.025615143
858,29172,92.18,23.949,58.441,-0.133,-0.139,-0.006,0.064,0.147071694,1,0.025615143
859,29206,53.116,5.676,-17.824,-0.136,-0.097,-0.037,0.094,0.147071694,1,0.025615143
860,29240,33.451,-7.413,-18.46,0.181,0.549,-0.025,0.235,0.147694672,1,0.024992165
861,29274,13.961,28.135,25.054,0.033,-0.031,-0.146,0.071,0.147694672,1,0.024992165
862,29308,-3.556,-2.982,22.969,-0.082,0.199,-0.239,0.084,0.147694672,1,0.024992165
863,29342,16.68,20.223,-27.901,-0.18,0.019,0.187,0.18,0.147694672,1,0.024992165
864,29376,-3.982,8.743,1.737,0.056,0.225,-0.084,0.098,0.148314961,1,0.024371876
865,29410,-29.393,-8.846,-18.573,0.02,0.094,0.201,0.097,0.148314961,1,0.024371876
866,29444,87.277,38.713,57.953,-0.11,0.259,-0.327,0.092,0.148314961,1,0.024371876
867,29478,-49.558,-16.299,-1.805,0.105,-0.123,-0.099,0.085,0.148932381,1,0.023754456
868,29512,80.18,29.116,49.284,0.189,0.128,0.028,0.096,0.148932381,1,0.023754456
869,29546,63.949,8.033,-25.197,-0.054,0.354,0.28,0.103,0.148932381,1,0.023754456
870,29580,3.535,-17.419,-9.207,0.222,-0.075,-0.262,0.118,0.149546761,1,0.023140076
871,29614,33.875,29.624,31.326,-0.177,-0.079,-0.027,0.089,0.149546761,1,0.023140076
872,29648,-8.995,-6.779,23.851,0.181,-0.129,-0.444,0.088,0.149546761,1,0.023140076
873,29682,-0.528,-1.83,3.685,-0.082,-0.063,-0.134,-0.004,0.149546761,1,0.023140076
874,29716,-29.432,11.933,7.733,0.037,-0.055,-0.172,0.084,0.150157933,1,0.022528904
875,29750,37.028,17.64,43.394,0.197,0.11,-0.218,0.098,0.150157933,1,0.022528904
876,29784,63.214,23.007,-27.736,-0.302,0.053,0.2,0.116,0.150157933,1,0.022528904
877,29818,16.484,11.566,-10.389,0.186,0.186,0.305,0.122,0.150765739,1,0.021921098
878,29852,-38.016,-11.355,-10.346,0.162,-0.335,-0.05,0.094,0.150765739,1,0.021921098
879,29886,94.718,40.91,61.677,-0.088,0.316,-0.248,0.093,0.150765739,1,0.021921098
880,29920,26.226,12.739,-17.596,-0.348,0.094,0.315,0.086,0.151370024,1,0.021316813
881,29954,-44.116,-17.702,-9.526,0.344,-0.249,0.124,0.101,0.151370024,1,0.021316813
882,29988,93.14,37.581,61.239,-0.214,0.203,-0.206,0.115,0.151370024,1,0.021316813
883,30022,79.1,1.093,65.034,0.25,0.253,0.254,0.123,0.151970641,1,0.020716196
884,30056,38.608,13.835,-19.051,-0.27,-0.056,-0.132,0.085,0.151970641,1,0.020716196
885,30090,-47.306,-16.877,-4.56,-0.09,-0.092,-0.048,0.105,0.151970641,1,0.020716196
886,30124,37.555,35.737,13.826,-0.069,0.052,-0.303,0.153,0.151970641,1,0.020716196
887,30158,35.983,29.458,33.587,-0.208,-0.048,0.12,0.105,0.15256745,1,0.020119387
888,30192,-9.632,-7.62,22.082,0.307,-0.08,-0.23,0.098,0.15256745,1,0.020119387
889,30226,5.241,26.255,-28.691,-0.208,0.087,0.014,0.114,0.15256745,1,0.020119387
890,30260,-56.834,-16.633,-4.813,0.196,-0.102,-0.168,0.119,0.153160317,1,0.01952652
891,30294,86.873,32.693,48.482,-0.193,-0.027,0.167,0.112,0.153160317,1,0.01952652
892,30328,48.215,6.784,-13.85,0.017,0.11,-0.102,0.097,0.153160317,1,0.01952652
893,30362,30.532,2.406,46.932,-0.167,-0.124,0.107,0.09,0.153749117,1,0.01893772
894,30396,57.473,11.106,-26.113,-0.126,-0.015,-0.088,0.101,0.153749117,1,0.01893772
895,30430,-23.475,-5.193,27.366,0.135,0.025,0.072,0.112,0.153749117,1,0.01893772
896,30464,-10.487,6.72,5.16,-0.034,0.128,0.321,0.151,0.15433373,1,0.018353107
897,30498,-5.17,-7.085,-17.323,0.305,0.024,-0.11,0.108,0.15433373,1,0.018353107
898,30532,67.882,29.027,53.542,-0.063,0.191,0.172,0.108,0.15433373,1,0.018353107
899,30566,-7.042,-16.43,13.39,0.04,0.235,-0.243,0.274,0.15433373,1,0.018353107
900,30600,23.863,32.194,30.857,-0.04,-0.087,-0.117,0.117,0.154914044,1,0.017772793
901,30634,-5.652,-5.009,23.533,-0.11,0.226,0.092,0.107,0.154914044,1,0.017772793
902,30668,17.471,26.951,-26.499,-0.051,0.198,0.196,0.126,0.154914044,1,0.017772793
903,30702,29.971,6.729,42.069,0.011,-0.093,0.107,0.121,0.155489956,1,0.017196881
904,30736,59.766,12.902,-27.009,-0.082,0.233,-0.004,0.105,0.155489956,1,0.017196881
905,30770,-24.279,-14.953,24.709,0.178,0.084,-0.139,0.118,0.155489956,1,0.017196881
906,30804,79.551,10.903,61.744,0.203,0.169,0.081,0.084,0.156061371,1,0.016625466
907,30838,55.328,14.481,-18.285,0,0.267,0.172,0.098,0.156061371,1,0.016625466
908,30872,-43.811,-19.085,2.382,0.256,-0.564,-0.27,0.109,0.156061371,1,0.016625466
909,30906,-5.947,0.054,12.905,-0.148,0.08,-0.143,0.129,0.156628199,1,0.016058638
910,30940,-5.642,-4.128,-16.136,0.229,-0.114,0.081,0.11,0.156628199,1,0.016058638
911,30974,48.606,15.214,43.425,-0.026,0.015,-0.319,0.118,0.156628199,1,0.016058638
912,31008,-14.536,-10.962,8.82,0.158,0.202,-0.171,0.217,0.156628199,1,0.016058638
913,31042,50.516,17.875,-28.149,-0.306,0.082,-0.238,0.116,0.15719036,1,0.015496477
914,31076,-39.439,-17.471,4.472,0.243,-0.15,-0.049,0.125,0.15719036,1,0.015496477
915,31110,66.923,44.446,44.535,-0.125,-0.094,-0.325,0.105,0.15719036,1,0.015496477
916,31144,22.898,35.132,29.052,0.005,0.201,0.49,0.14,0.157747784,1,0.014939053
917,31178,-5.564,0.967,23.066,0.08,-0.002,0.194,0.124,0.157747784,1,0.014939053
918,31212,28.966,16.986,-29.632,-0.123,-0.113,0.014,0.113,0.157747784,1,0.014939053
919,31246,-5.352,-18.683,-10.686,-0.026,-0.437,-0.064,0.146,0.158300405,1,0.014386432
920,31280,54.785,23.895,39.913,0.086,0.085,0.049,0.122,0.158300405,1,0.014386432
921,31314,-13.286,-11.863,11.797,0.134,-0.151,-0.057,0.115,0.158300405,1,0.014386432
922,31348,95.596,3.617,66.04,-0.346,-0.126,0.504,0.171,0.158848168,1,0.013838669
923,31382,34.637,12.175,-14.328,-0.058,0.167,-0.03,0.108,0.158848168,1,0.013838669
924,31416,-50.068,-17.149,-10.703,0.004,-0.343,-0.069,0.122,0.158848168,1,0.013838669
925,31450,98.169,47.14,58.461,0.051,0.246,-0.654,0.206,0.158848168,1,0.013838669
926,31484,32.453,31.99,35.651,0.041,0.126,0.015,0.106,0.159391028,1,0.013295809
927,31518,0.462,-2.802,28.205,-0.012,-0.142,-0.17,0.113,0.159391028,1,0.013295809
928,31552,48.496,29.221,-26.914,0.205,-0.013,0.161,0.134,0.159391028,1,0.013295809
929,31586,26.469,-9.987,-16.539,-0.316,0.078,-0.272,0.127,0.159928945,1,0.012757892
930,31620,-14.648,4.128,18.448,-0.146,-0.508,-0.099,0.136,0.159928945,1,0.012757892
931,31654,37.496,17.934,34.46,0.102,0.439,-0.096,0.145,0.159928945,1,0.012757892
932,31688,90.452,19.327,59.54,0.084,0.223,0.021,0.122,0.160461891,1,0.012224946
933,31722,-1.149,-2.788,7.359,-0.051,0.114,0.183,0.131,0.160461891,1,0.012224946
934,31756,16.035,16.675,-30.563,0.011,0.179,0.129,0.144,0.160461891,1,0.012224946
935,31790,22.8,49.979,24.183,0.131,0.085,0.237,0.182,0.160989843,1,0.011696994
936,31824,28.523,7.148,40.434,0.114,-0.027,-0.097,0.151,0.160989843,1,0.011696994
937,31858,43.711,8.865,-21.343,-0.326,0.025,-0.082,0.109,0.160989843,1,0.011696994
938,31892,-57.893,-3.918,-14.328,0.004,-0.208,0.626,0.176,0.160989843,1,0.011696994
939,31926,24.499,6.084,38.965,-0.115,-0.123,0.262,0.137,0.161512791,1,0.011174046
940,31960,46.501,11.67,-19.661,-0.231,0.167,-0.012,0.158,0.161512791,1,0.011174046
941,31994,-44.943,2.184,-18.818,0.059,0.052,0.346,0.126,0.161512791,1,0.011174046
942,32028,-15.534,6.053,7.007,0.113,0.141,-0.138,0.138,0.16203073,1,0.010656107
943,32062,43.223,9.911,-23.425,-0.053,0.08,0.267,0.115,0.16203073,1,0.010656107
944,32096,-46.431,-13.125,5.269,-0.121,-0.375,0.087,0.142,0.16203073,1,0.010656107
945,32130,78.148,35.374,50.689,0.194,0.15,-0.253,0.141,0.162543667,1,0.01014317
946,32164,-9.118,-5.257,20.444,0.166,0.099,0.202,0.124,0.162543667,1,0.01014317
947,32198,52.832,19.268,-29.853,-0.113,0.306,0.066,0.124,0.162543667,1,0.01014317
948,32232,-13.902,-16.061,1.118,0.267,0.174,0.196,0.168,0.162543667,1,0.01014317
949,32266,50.181,11.787,-20.496,-0.014,0.223,0.101,0.167,0.163051617,1,0.00963522
950,32300,-35.369,-4.091,-21.647,-0.065,-0.127,0.2,0.157,0.163051617,1,0.00963522
951,32334,36.435,-3.477,51.097,-0.359,-0.283,0.216,0.149,0.163051617,1,0.00963522
952,32368,-56.366,-12.523,-10.752,0.107,-0.102,-0.087,0.151,0.163554601,1,0.009132236
953,32402,63.833,25.678,43.055,0.068,0.111,0.228,0.178,0.163554601,1,0.009132236
954,32436,-9.716,-5.2,19.477,-0.041,-0.508,-0.314,0.125,0.163554601,1,0.009132236
955,32470,-5.122,43.586,17.861,0.202,0.225,0.332,0.12,0.164052654,1,0.008634183
956,32504,72.079,18.385,52.306,-0.034,0.007,-0.108,0.142,0.164052654,1,0.008634183
957,32538,20.669,-1.625,-9.364,-0.028,0.189,0.097,0.129,0.164052654,1,0.008634183
958,32572,36.278,-7.286,-16.699,0.154,0.202,0.096,0.169,0.164545817,1,0.00814102
959,32606,-35.015,-2.582,3.023,0.03,-0.036,0.076,0.111,0.164545817,1,0.00814102
960,32640,89.989,41.367,53.646,-0.323,-0.125,0.081,0.159,0.164545817,1,0.00814102
961,32674,2.235,-17.489,9.608,0.283,-0.001,-0.168,0.262,0.164545817,1,0.00814102
962,32708,-14.509,-0.741,15.993,0.087,0.287,0.371,0.128,0.16503414,1,0.007652697
963,32742,52.072,14.136,-28.589,-0.248,0.187,0.195,0.156,0.16503414,1,0.007652697
964,32776,-51.325,-27.595,2.063,0.304,-0.507,-0.286,0.148,0.16503414,1,0.007652697
965,32810,51.922,13.94,-28.921,-0.247,0.152,-0.081,0.206,0.165517683,1,0.007169154
966,32844,-64.197,-24.498,-6.92,0.083,-0.402,-0.355,0.188,0.165517683,1,0.007169154
967,32878,85.342,28.309,60.109,-0.097,-0.075,-0.005,0.158,0.165517683,1,0.007169154
968,32912,-12.584,45.823,16.717,0.097,-0.176,-0.425,0.128,0.165996513,1,0.006690324
969,32946,57.457,21.698,50.513,0.218,0.001,-0.206,0.125,0.165996513,1,0.006690324
970,32980,51.554,2.41,-20.667,0.189,0.04,0.05,0.16,0.165996513,1,0.006690324
971,33014,51.787,46.701,32.733,-0.257,-0.022,0.108,0.227,0.166470709,1,0.006216128
972,33048,6.265,5.144,38.91,0.125,-0.008,-0.182,0.145,0.166470709,1,0.006216128
973,33082,72.435,16.935,-27.213,-0.191,0.37,-0.021,0.135,0.166470709,1,0.006216128
974,33116,-0.906,1.985,-0.943,0.031,0.006,-0.005,-0.005,0.166940357,1,0.00574648
975,33150,-30.726,-18.178,-16.168,0.265,0,0.127,0.154,0.166940357,1,0.00574648
976,33184,40.93,20.693,40.572,0.127,-0.195,-0.12,0.198,0.166940357,1,0.00574648
977,33218,20.534,17.117,32.93,0.357,0.292,-0.101,0.194,0.166940357,1,0.00574648
978,33252,-27.626,25.2,12.995,0.086,-0.135,-0.004,0.161,0.16740555,1,0.005281287
979,33286,76.383,28.82,56.896,0.028,0.119,-0.264,0.167,0.16740555,1,0.005281287
980,33320,27.882,3.753,-7.314,0.152,0.171,0.094,0.133,0.16740555,1,0.005281287
981,33354,79.002,27.789,53.289,0.038,-0.041,0.034,0.191,0.167866395,1,0.004820442
982,33388,-12.692,-6.1,23.97,0.165,-0.079,-0.127,0.181,0.167866395,1,0.004820442
983,33422,38.265,18.895,-31.301,-0.245,0.22,0.47,0.193,0.167866395,1,0.004820442
984,33456,102.36,17.434,66.586,-0.118,-0.294,0.083,0.26,0.168323002,1,0.004363835
985,33490,11.333,7.002,-5.788,-0.067,-0.031,-0.059,0.196,0.168323002,1,0.004363835
986,33524,-20.819,-1.287,-29.286,-0.1,-0.074,0.041,0.2,0.168323002,1,0.004363835
987,33558,37.232,2.464,58.867,0.685,-0.029,-0.249,0.244,0.168323002,1,0.004363835
988,33592,-58.77,3.016,0.216,0.665,-0.284,-0.49,0.192,0.168775493,1,0.003911344
989,33626,116.01,39.91,63.469,0.106,-0.077,-0.089,0.165,0.168775493,1,0.003911344
990,33660,19.19,-11.262,-3.991,-0.017,-0.257,-0.109,0.188,0.168775493,1,0.003911344
991,33694,14.375,-3.59,45.513,0.4,0.323,-0.015,0.321,0.169223997,1,0.00346284
992,33728,67.108,16.772,-29.113,-0.269,-0.143,-0.124,0.168,0.169223997,1,0.00346284
993,33762,-46.221,-18.049,8.511,0.342,-0.04,0.085,0.201,0.169223997,1,0.00346284
994,33796,80.844,39.672,44.327,-0.083,0.363,-0.093,0.223,0.169223997,1,0.00346284
995,33830,-45.413,5.929,2.658,0.038,-0.164,0.047,0.204,0.169668654,1,0.003018183
996,33864,53.542,24.742,48.933,0.1,-0.241,-0.194,0.207,0.169668654,1,0.003018183
997,33898,78.124,13.355,-23.887,-0.057,0.162,0.079,0.199,0.169668654,1,0.003018183
998,33932,111.37,10.187,70.108,0.123,0.001,-0.02,0.187,0.170109609,1,0.002577228
999,33966,55.421,13.158,-19.062,-0.048,0.078,0.026,0.259,0.170109609,1,0.002577228
1000,34000,-71.174,-16.196,-4.444,0.092,-0.172,-0.026,0.209,0.170109609,1,0.002577228
1001,34034,-1.045,-3.442,2.764,0.038,0.041,0.052,-0.001,0.170109609,1,0.002577228
1002,34068,99.449,20.995,61.143,0.22,-0.29,-0.146,0.268,0.170547017,1,0.00213982
1003,34102,7.312,0.477,2.001,-0.112,-0.16,-0.129,0.299,0.170547017,1,0.00213982
1004,34136,-50.764,-5.416,-18.529,-0.459,-0.196,0.264,0.269,0.170547017,1,0.00213982
1005,34170,50.66,11.135,-28.266,-0.011,-0.101,-0.273,0.252,0.170981042,1,0.001705795
1006,34204,-49.57,-12.586,2.313,0.126,-0.148,-0.07,0.193,0.170981042,1,0.001705795
1007,34238,79.188,40.579,55.698,0.115,0.117,-0.348,0.216,0.170981042,1,0.001705795
1008,34272,39.58,10.398,-22.426,0.029,0.201,-0.001,0.286,0.171411854,1,0.001274983
1009,34306,-60.935,-21.183,-12.27,0.216,-0.221,0.011,0.226,0.171411854,1,0.001274983
1010,34340,89.163,35.993,58.854,-0.358,-0.162,-0.058,0.22,0.171411854,1,0.001274983
1011,34374,-8.286,-10.631,8.86,0.267,-0.046,-0.251,0.333,0.171411854,1,0.001274983
1012,34408,-13.861,16.742,15.672,-0.102,-0.342,-0.046,0.213,0.171839631,1,0.000847206
1013,34442,28.498,15.499,38.321,0.074,0.12,-0.008,0.443,0.171839631,1,0.000847206
1014,34476,80.465,25.378,-28.47,-0.49,0.078,-0.215,0.262,0.171839631,1,0
1015,34510,-5.086,-3.61,25.744,0.343,-0.214,0.054,0.234,0.172264561,1,0
1016,34544,52.088,21.429,-29.397,-0.222,0.04,0.173,0.25,0.172264561,1,0
1017,34578,-33.809,-21.675,18.56,0.201,0.142,0.006,0.227,0.172264561,1,0
1018,34612,-4.858,34.91,19.376,-0.306,-0.31,-0.039,0.198,0.172686837,1,0
1019,34646,32.895,9.382,38.173,-0.005,-0.031,-0.037,0.227,0.172686837,1,0
1020,34680,69.325,17.855,-28.986,-0.127,-0.027,-0.062,0.255,0.172686837,1,0
1021,34714,-4.128,3.112,10.7,-0.106,-0.03,-0.032,0.061,0.172686837,1,0
